CentOS6/run-1 vs CentOS7/run-1,105216,T2w/T2wToT1wDistortionCorrectAndReg/Magnitude_warppedT1w2T1w_acpc.nii.gz,0.001879874
CentOS6/run-1 vs CentOS7/run-1,105216,T1w/T1w_acpc_brain.nii.gz,0.0067250032
CentOS6/run-1 vs CentOS7/run-1,105216,T1w/ACPCAlignment/acpc_final.nii.gz,0.0012313376
CentOS6/run-1 vs CentOS7/run-1,105216,T2w/T2w_acpc.nii.gz,0.0352412056
CentOS6/run-1 vs CentOS7/run-1,105216,T1w/subject_name/mri/T1w_hires.greynorm.nii.gz,0.0015093169
CentOS6/run-1 vs CentOS7/run-1,105216,MNINonLinear/T1w.nii.gz,0.0024881075
CentOS6/run-1 vs CentOS7/run-1,105216,T1w/BiasFieldCorrection_sqrtT1wXT1w/bias_raw.nii.gz,0.0065281158
CentOS6/run-1 vs CentOS7/run-1,105216,T1w/subject_name/mri/wm.hires.nii.gz,0.0741594836
CentOS6/run-1 vs CentOS7/run-1,105216,T1w/subject_name/mri/white.nii.gz,0.0419165838
CentOS6/run-1 vs CentOS7/run-1,105216,MNINonLinear/xfms/NonlinearIntensities.nii.gz,0.0168755207
CentOS6/run-1 vs CentOS7/run-1,105216,T2w/T2w.nii.gz,0.0003160057
CentOS6/run-1 vs CentOS7/run-1,105216,T2w/T2wToT1wDistortionCorrectAndReg/FieldMap2T1w_acpc_ShiftMap.nii.gz,0.000585765
CentOS6/run-1 vs CentOS7/run-1,105216,T1w/subject_name/mri/ribbon.postT2.pass1/ribbon_inv.nii.gz,0.0816639455
CentOS6/run-1 vs CentOS7/run-1,105216,T2w/T2w_acpc_brain.nii.gz,0.0316487184
CentOS6/run-1 vs CentOS7/run-1,105216,T1w/subject_name/mri/ribbon.postT2.pass1/lh.ribbon.nii.gz,0.0501597448
CentOS6/run-1 vs CentOS7/run-1,105216,T1w/BiasFieldCorrection_sqrtT1wXT1w/SmoothNorm_s5.nii.gz,0.001
CentOS6/run-1 vs CentOS7/run-1,105216,T1w/BrainExtraction_FNIRTbased/standard2str.nii.gz,0.0189643536
CentOS6/run-1 vs CentOS7/run-1,105216,MNINonLinear/xfms/acpc_dc2standard.nii.gz,0.0022600463
CentOS6/run-1 vs CentOS7/run-1,105216,T1w/BiasFieldCorrection_sqrtT1wXT1w/T1wmulT2w.nii.gz,0.0059881114
CentOS6/run-1 vs CentOS7/run-1,105216,T1w/T1w_acpc_dc_brain.nii.gz,0.0070335463
CentOS6/run-1 vs CentOS7/run-1,105216,T2w/T2wToT1wDistortionCorrectAndReg/T2w2T1w/T2w_reg.nii.gz,0.0047574613
CentOS6/run-1 vs CentOS7/run-1,105216,T1w/ACPCAlignment/robustroi.nii.gz,0.0001664277
CentOS6/run-1 vs CentOS7/run-1,105216,T1w/subject_name/mri/aseg.hires.nii.gz,0.010327992
CentOS6/run-1 vs CentOS7/run-1,105216,T1w/T1w_acpc_dc_restore.nii.gz,0.0011887609
CentOS6/run-1 vs CentOS7/run-1,105216,MNINonLinear/xfms/T1w_acpc_dc_restore_brain_to_MNILinear.nii.gz,0.0030145117
CentOS6/run-1 vs CentOS7/run-1,105216,T1w/T1w_acpc_dc.nii.gz,0.0009342184
CentOS6/run-1 vs CentOS7/run-1,105216,T1w/BrainExtraction_FNIRTbased/T1w_acpc_to_MNI_nonlin.nii.gz,0.0101690893
CentOS6/run-1 vs CentOS7/run-1,105216,T1w/BiasFieldCorrection_sqrtT1wXT1w/T1wmulT2w_brain_norm_modulate.nii.gz,0.0088166527
CentOS6/run-1 vs CentOS7/run-1,105216,T1w/BiasFieldCorrection_sqrtT1wXT1w/T1wmulT2w_brain_norm_s5.nii.gz,0.0088576948
CentOS6/run-1 vs CentOS7/run-1,105216,T2w/BrainExtraction_FNIRTbased/T2w_acpc_to_MNI_roughlin.nii.gz,0.0338331185
CentOS6/run-1 vs CentOS7/run-1,105216,T1w/subject_name/mri/T1w_hires.norm.nii.gz,0.0012879792
CentOS6/run-1 vs CentOS7/run-1,105216,T1w/BrainExtraction_FNIRTbased/NonlinearIntensities.nii.gz,0.0009655515
CentOS6/run-1 vs CentOS7/run-1,105216,T2w/T2wToT1wDistortionCorrectAndReg/T2w2T1w/sqrtT1wbyT2w.nii.gz,0.0060008814
CentOS6/run-1 vs CentOS7/run-1,105216,T1w/BrainExtraction_FNIRTbased/T1w_acpc_to_MNI_roughlin.nii.gz,0.0229932308
CentOS6/run-1 vs CentOS7/run-1,105216,T2w/ACPCAlignment/acpc_final.nii.gz,0.0368689186
CentOS6/run-1 vs CentOS7/run-1,105216,T2w/T2wToT1wDistortionCorrectAndReg/FieldMap2T2w_acpc.nii.gz,0.0071224572
CentOS6/run-1 vs CentOS7/run-1,105216,T1w/subject_name/mri/ribbon.postT2.pass1/T1w_hires.norm_ribbon_myelin.nii.gz,0.0101448831
CentOS6/run-1 vs CentOS7/run-1,105216,MNINonLinear/T2w_restore_brain.nii.gz,0.0088444324
CentOS6/run-1 vs CentOS7/run-1,105216,T2w/T2wToT1wDistortionCorrectAndReg/FieldMap2T1w_acpc.nii.gz,0.0003899203
CentOS6/run-1 vs CentOS7/run-1,105216,MNINonLinear/xfms/NonlinearReg.nii.gz,0.0024350004
CentOS6/run-1 vs CentOS7/run-1,105216,T2w/T2wToT1wDistortionCorrectAndReg/T2w2T1w/T2w_reg_fast_wmedge.nii.gz,0.0451331363
CentOS6/run-1 vs CentOS7/run-1,105216,T1w/subject_name/mri/ribbon.postT2.pass1/ribbon_s5.nii.gz,0.0104199875
CentOS6/run-1 vs CentOS7/run-1,105216,MNINonLinear/xfms/standard2acpc_dc.nii.gz,0.0021142737
CentOS6/run-1 vs CentOS7/run-1,105216,T2w/BrainExtraction_FNIRTbased/NonlinearRegJacobians.nii.gz,0.0096943985
CentOS6/run-1 vs CentOS7/run-1,105216,T2w/T2wToT1wDistortionCorrectAndReg/FieldMap2T1w_acpc_Warp.nii.gz,0.0
CentOS6/run-1 vs CentOS7/run-1,105216,T2w/T2wToT1wDistortionCorrectAndReg/T2w_acpc.nii.gz,0.0351902839
CentOS6/run-1 vs CentOS7/run-1,105216,MNINonLinear/T2w_restore.nii.gz,0.0067249
CentOS6/run-1 vs CentOS7/run-1,105216,T1w/subject_name/mri/ribbon.postT2.pass1/rh.ribbon.nii.gz,0.064707032
CentOS6/run-1 vs CentOS7/run-1,105216,T1w/BrainExtraction_FNIRTbased/str2standard.nii.gz,0.0176975243
CentOS6/run-1 vs CentOS7/run-1,105216,T1w/T1w_acpc.nii.gz,0.001014132
CentOS6/run-1 vs CentOS7/run-1,105216,T1w/xfms/T1w_dc.nii.gz,0.0
CentOS6/run-1 vs CentOS7/run-1,105216,T1w/T2w_acpc_dc.nii.gz,0.0047574613
CentOS6/run-1 vs CentOS7/run-1,105216,T2w/BrainExtraction_FNIRTbased/str2standard.nii.gz,0.0313120149
CentOS6/run-1 vs CentOS7/run-1,105216,T1w/subject_name/mri/ribbon.postT2.pass1/T1w_hires.greynorm_ribbon.nii.gz,0.0015595615
CentOS6/run-1 vs CentOS7/run-1,105216,T1w/subject_name/mri/ribbon.postT2.pass1/ribbon.nii.gz,0.0816639455
CentOS6/run-1 vs CentOS7/run-1,105216,T1w/subject_name/mri/T1w_hires.nii.gz,0.0012806298
CentOS6/run-1 vs CentOS7/run-1,105216,T1w/subject_name/surf/rh.white.nii.gz,0.0199003379
CentOS6/run-1 vs CentOS7/run-1,105216,T1w/T2w_acpc_dc_restore_brain.nii.gz,0.0062277379
CentOS6/run-1 vs CentOS7/run-1,105216,T1w/BiasFieldCorrection_sqrtT1wXT1w/T1wmulT2w_brain_norm_modulate_mask.nii.gz,0.0650307619
CentOS6/run-1 vs CentOS7/run-1,105216,T1w/xfms/T2w_reg_dc.nii.gz,0.1623210748
CentOS6/run-1 vs CentOS7/run-1,105216,MNINonLinear/T2w.nii.gz,0.0051109286
CentOS6/run-1 vs CentOS7/run-1,105216,T1w/T1w.nii.gz,0.0001052552
CentOS6/run-1 vs CentOS7/run-1,105216,T1w/subject_name/mri/T2w_hires.norm.nii.gz,0.008338758
CentOS6/run-1 vs CentOS7/run-1,105216,T1w/subject_name/mri/T2w_hires.nii.gz,0.0083442025
CentOS6/run-1 vs CentOS7/run-1,105216,T2w/T2wToT1wDistortionCorrectAndReg/Magnitude_warppedT2w2T2w_acpc.nii.gz,0.0132069199
CentOS6/run-1 vs CentOS7/run-1,105216,MNINonLinear/xfms/NonlinearRegJacobians.nii.gz,0.0025811121
CentOS6/run-1 vs CentOS7/run-1,105216,T1w/BrainExtraction_FNIRTbased/NonlinearRegJacobians.nii.gz,0.002506564
CentOS6/run-1 vs CentOS7/run-1,105216,T1w/BrainExtraction_FNIRTbased/NonlinearReg.nii.gz,0.0098859736
CentOS6/run-1 vs CentOS7/run-1,105216,T2w/T2w_acpc_brain_mask.nii.gz,0.0702993598
CentOS6/run-1 vs CentOS7/run-1,105216,T1w/subject_name/surf/lh.white.nii.gz,0.020201616
CentOS6/run-1 vs CentOS7/run-1,105216,T2w/BrainExtraction_FNIRTbased/NonlinearIntensities.nii.gz,0.0149996125
CentOS6/run-1 vs CentOS7/run-1,105216,T2w/T2wToT1wDistortionCorrectAndReg/T1w_acpc_brain.nii.gz,0.0070335463
CentOS6/run-1 vs CentOS7/run-1,105216,T1w/T2w_acpc_dc_restore.nii.gz,0.0086145184
CentOS6/run-1 vs CentOS7/run-1,105216,T1w/T1w_acpc_dc_restore_1mm.nii.gz,0.0014069815
CentOS6/run-1 vs CentOS7/run-1,105216,T2w/T2wToT1wDistortionCorrectAndReg/FieldMap2T2w_acpc_Warp.nii.gz,0.0042813956
CentOS6/run-1 vs CentOS7/run-1,105216,T1w/subject_name/mri/ribbon.postT2.pass1/dilribbon_inv.nii.gz,0.0472863616
CentOS6/run-1 vs CentOS7/run-1,105216,T1w/BiasField_acpc_dc.nii.gz,0.0056668376
CentOS6/run-1 vs CentOS7/run-1,105216,T1w/T1w_acpc_dc_restore_brain.nii.gz,0.0046714879
CentOS6/run-1 vs CentOS7/run-1,105216,T1w/BiasFieldCorrection_sqrtT1wXT1w/T1wmulT2w_brain_norm.nii.gz,0.0071668317
CentOS6/run-1 vs CentOS7/run-1,105216,T1w/T1w_acpc_dc_restore_brain_1mm.nii.gz,0.0047718918
CentOS6/run-1 vs CentOS7/run-1,105216,T1w/subject_name/mri/ribbon.postT2.pass1/T1w_hires.norm_ribbon.nii.gz,0.0393673511
CentOS6/run-1 vs CentOS7/run-1,105216,T2w/BrainExtraction_FNIRTbased/IntensityModulatedT1.nii.gz,0.0061443308
CentOS6/run-1 vs CentOS7/run-1,105216,T2w/T2wToT1wDistortionCorrectAndReg/FieldMap2T2w_acpc_ShiftMap.nii.gz,0.0070285043
CentOS6/run-1 vs CentOS7/run-1,105216,MNINonLinear/xfms/IntensityModulatedT1.nii.gz,0.0051585239
CentOS6/run-1 vs CentOS7/run-1,105216,T2w/BrainExtraction_FNIRTbased/NonlinearReg.nii.gz,0.0176903474
CentOS6/run-1 vs CentOS7/run-1,105216,T2w/T2wToT1wDistortionCorrectAndReg/T1w_acpc.nii.gz,0.0009342184
CentOS6/run-1 vs CentOS7/run-1,105216,MNINonLinear/T1w_restore.nii.gz,0.0027273534
CentOS6/run-1 vs CentOS7/run-1,105216,T2w/T2wToT1wDistortionCorrectAndReg/T2w_acpc_brain.nii.gz,0.0341886636
CentOS6/run-1 vs CentOS7/run-1,105216,T1w/subject_name/mri/T1wMulT2w_hires.nii.gz,0.0075851601
CentOS6/run-1 vs CentOS7/run-1,105216,T1w/BrainExtraction_FNIRTbased/IntensityModulatedT1.nii.gz,0.0008878021
CentOS6/run-1 vs CentOS7/run-1,105216,T1w/BiasFieldCorrection_sqrtT1wXT1w/T1wmulT2w_brain.nii.gz,0.0071698484
CentOS6/run-1 vs CentOS7/run-1,105216,MNINonLinear/T1w_restore_brain.nii.gz,0.0062805606
CentOS6/run-1 vs CentOS7/run-1,105216,T1w/T1w_acpc_brain_mask.nii.gz,0.0299666481
CentOS6/run-1 vs CentOS7/run-1,105216,T1w/subject_name/mri/T1w_hires.norm_grey_myelin.nii.gz,0.0106401545
CentOS6/run-1 vs CentOS7/run-1,105216,T2w/BrainExtraction_FNIRTbased/T2w_acpc_to_MNI_nonlin.nii.gz,0.0163602349
CentOS6/run-1 vs CentOS7/run-1,105216,T2w/BrainExtraction_FNIRTbased/standard2str.nii.gz,0.0310065913
CentOS6/run-1 vs CentOS7/run-1,105216,MNINonLinear/xfms/2mmReg.nii.gz,0.0030371573
CentOS6/run-1 vs CentOS7/run-1,105216,T2w/T2wToT1wDistortionCorrectAndReg/T2w2T1w/T2w_dc_reg.nii.gz,0.1623210748
CentOS6/run-1 vs CentOS7/run-1,105216,T2w/ACPCAlignment/robustroi.nii.gz,0.0011108501
CentOS6/run-1 vs CentOS7/run-1,102311,T2w/T2wToT1wDistortionCorrectAndReg/Magnitude_warppedT1w2T1w_acpc.nii.gz,0.0008491185
CentOS6/run-1 vs CentOS7/run-1,102311,T1w/T1w_acpc_brain.nii.gz,0.004084184
CentOS6/run-1 vs CentOS7/run-1,102311,T1w/ACPCAlignment/acpc_final.nii.gz,0.0016308087
CentOS6/run-1 vs CentOS7/run-1,102311,T2w/T2w_acpc.nii.gz,0.0026836157
CentOS6/run-1 vs CentOS7/run-1,102311,T1w/subject_name/mri/T1w_hires.greynorm.nii.gz,0.0009188184
CentOS6/run-1 vs CentOS7/run-1,102311,MNINonLinear/T1w.nii.gz,0.0027119351
CentOS6/run-1 vs CentOS7/run-1,102311,T1w/BiasFieldCorrection_sqrtT1wXT1w/bias_raw.nii.gz,0.00348125
CentOS6/run-1 vs CentOS7/run-1,102311,T1w/subject_name/mri/wm.hires.nii.gz,0.067668286
CentOS6/run-1 vs CentOS7/run-1,102311,T1w/subject_name/mri/white.nii.gz,0.0435086198
CentOS6/run-1 vs CentOS7/run-1,102311,MNINonLinear/xfms/NonlinearIntensities.nii.gz,0.0037868732
CentOS6/run-1 vs CentOS7/run-1,102311,T2w/T2wToT1wDistortionCorrectAndReg/FieldMap2T1w_acpc_ShiftMap.nii.gz,0.0
CentOS6/run-1 vs CentOS7/run-1,102311,T1w/subject_name/mri/ribbon.postT2.pass1/ribbon_inv.nii.gz,0.0727736215
CentOS6/run-1 vs CentOS7/run-1,102311,T2w/T2w_acpc_brain.nii.gz,0.0043480298
CentOS6/run-1 vs CentOS7/run-1,102311,T1w/subject_name/mri/ribbon.postT2.pass1/lh.ribbon.nii.gz,0.0522876658
CentOS6/run-1 vs CentOS7/run-1,102311,T1w/BiasFieldCorrection_sqrtT1wXT1w/SmoothNorm_s5.nii.gz,0.001
CentOS6/run-1 vs CentOS7/run-1,102311,T1w/BrainExtraction_FNIRTbased/standard2str.nii.gz,0.0039445893
CentOS6/run-1 vs CentOS7/run-1,102311,MNINonLinear/xfms/acpc_dc2standard.nii.gz,0.0011157123
CentOS6/run-1 vs CentOS7/run-1,102311,T1w/BiasFieldCorrection_sqrtT1wXT1w/T1wmulT2w.nii.gz,0.0011927321
CentOS6/run-1 vs CentOS7/run-1,102311,T1w/T1w_acpc_dc_brain.nii.gz,0.0042045903
CentOS6/run-1 vs CentOS7/run-1,102311,T2w/T2wToT1wDistortionCorrectAndReg/T2w2T1w/T2w_reg.nii.gz,0.0010594169
CentOS6/run-1 vs CentOS7/run-1,102311,T1w/subject_name/mri/aseg.hires.nii.gz,0.0103123312
CentOS6/run-1 vs CentOS7/run-1,102311,T1w/T1w_acpc_dc_restore.nii.gz,0.0006383834
CentOS6/run-1 vs CentOS7/run-1,102311,MNINonLinear/xfms/T1w_acpc_dc_restore_brain_to_MNILinear.nii.gz,0.0028491135
CentOS6/run-1 vs CentOS7/run-1,102311,MNINonLinear/xfms/NonlinearReg.nii.gz,0.0022922637
CentOS6/run-1 vs CentOS7/run-1,102311,T1w/BrainExtraction_FNIRTbased/T1w_acpc_to_MNI_nonlin.nii.gz,0.0083735578
CentOS6/run-1 vs CentOS7/run-1,102311,T1w/BiasFieldCorrection_sqrtT1wXT1w/T1wmulT2w_brain_norm_modulate.nii.gz,0.0054715288
CentOS6/run-1 vs CentOS7/run-1,102311,T1w/BiasFieldCorrection_sqrtT1wXT1w/T1wmulT2w_brain_norm_s5.nii.gz,0.0051523269
CentOS6/run-1 vs CentOS7/run-1,102311,T2w/BrainExtraction_FNIRTbased/T2w_acpc_to_MNI_roughlin.nii.gz,0.0134835944
CentOS6/run-1 vs CentOS7/run-1,102311,T1w/subject_name/mri/T1w_hires.norm.nii.gz,0.0007064837
CentOS6/run-1 vs CentOS7/run-1,102311,T1w/BrainExtraction_FNIRTbased/NonlinearIntensities.nii.gz,0.0077288847
CentOS6/run-1 vs CentOS7/run-1,102311,T2w/T2wToT1wDistortionCorrectAndReg/T2w2T1w/sqrtT1wbyT2w.nii.gz,0.0011731886
CentOS6/run-1 vs CentOS7/run-1,102311,T1w/BrainExtraction_FNIRTbased/T1w_acpc_to_MNI_roughlin.nii.gz,0.0065835449
CentOS6/run-1 vs CentOS7/run-1,102311,T2w/ACPCAlignment/acpc_final.nii.gz,0.0027018781
CentOS6/run-1 vs CentOS7/run-1,102311,T2w/T2wToT1wDistortionCorrectAndReg/FieldMap2T2w_acpc.nii.gz,0.0005089584
CentOS6/run-1 vs CentOS7/run-1,102311,T1w/subject_name/mri/ribbon.postT2.pass1/T1w_hires.norm_ribbon_myelin.nii.gz,0.0073009666
CentOS6/run-1 vs CentOS7/run-1,102311,MNINonLinear/T2w_restore_brain.nii.gz,0.0056756314
CentOS6/run-1 vs CentOS7/run-1,102311,T2w/T2wToT1wDistortionCorrectAndReg/FieldMap2T1w_acpc.nii.gz,9.94237e-05
CentOS6/run-1 vs CentOS7/run-1,102311,T1w/T1w_acpc_dc.nii.gz,0.0003866734
CentOS6/run-1 vs CentOS7/run-1,102311,T2w/T2wToT1wDistortionCorrectAndReg/T2w2T1w/T2w_reg_fast_wmedge.nii.gz,0.0270739727
CentOS6/run-1 vs CentOS7/run-1,102311,T1w/subject_name/mri/ribbon.postT2.pass1/ribbon_s5.nii.gz,0.0041247404
CentOS6/run-1 vs CentOS7/run-1,102311,MNINonLinear/xfms/standard2acpc_dc.nii.gz,0.0010654521
CentOS6/run-1 vs CentOS7/run-1,102311,T2w/BrainExtraction_FNIRTbased/NonlinearRegJacobians.nii.gz,0.0076319548
CentOS6/run-1 vs CentOS7/run-1,102311,T2w/T2wToT1wDistortionCorrectAndReg/FieldMap2T1w_acpc_Warp.nii.gz,0.0
CentOS6/run-1 vs CentOS7/run-1,102311,T2w/T2wToT1wDistortionCorrectAndReg/T2w_acpc.nii.gz,0.0026873147
CentOS6/run-1 vs CentOS7/run-1,102311,MNINonLinear/T2w_restore.nii.gz,0.0040950255
CentOS6/run-1 vs CentOS7/run-1,102311,T1w/subject_name/mri/ribbon.postT2.pass1/rh.ribbon.nii.gz,0.0510098029
CentOS6/run-1 vs CentOS7/run-1,102311,T1w/BrainExtraction_FNIRTbased/str2standard.nii.gz,0.0040587384
CentOS6/run-1 vs CentOS7/run-1,102311,T1w/T1w_acpc.nii.gz,0.0003772707
CentOS6/run-1 vs CentOS7/run-1,102311,T1w/xfms/T1w_dc.nii.gz,0.0
CentOS6/run-1 vs CentOS7/run-1,102311,T1w/T2w_acpc_dc.nii.gz,0.0010594169
CentOS6/run-1 vs CentOS7/run-1,102311,T2w/BrainExtraction_FNIRTbased/str2standard.nii.gz,0.0112078642
CentOS6/run-1 vs CentOS7/run-1,102311,T1w/subject_name/mri/ribbon.postT2.pass1/T1w_hires.greynorm_ribbon.nii.gz,0.0009890126
CentOS6/run-1 vs CentOS7/run-1,102311,T1w/subject_name/mri/ribbon.postT2.pass1/ribbon.nii.gz,0.0727736215
CentOS6/run-1 vs CentOS7/run-1,102311,T1w/subject_name/mri/T1w_hires.nii.gz,0.0006907707
CentOS6/run-1 vs CentOS7/run-1,102311,T1w/subject_name/surf/rh.white.nii.gz,0.0229686589
CentOS6/run-1 vs CentOS7/run-1,102311,T1w/T2w_acpc_dc_restore_brain.nii.gz,0.0032327967
CentOS6/run-1 vs CentOS7/run-1,102311,T1w/BiasFieldCorrection_sqrtT1wXT1w/T1wmulT2w_brain_norm_modulate_mask.nii.gz,0.0395727178
CentOS6/run-1 vs CentOS7/run-1,102311,T1w/xfms/T2w_reg_dc.nii.gz,0.007592068
CentOS6/run-1 vs CentOS7/run-1,102311,MNINonLinear/T2w.nii.gz,0.0027890412
CentOS6/run-1 vs CentOS7/run-1,102311,T1w/subject_name/mri/T2w_hires.norm.nii.gz,0.0018625839
CentOS6/run-1 vs CentOS7/run-1,102311,T1w/subject_name/mri/T2w_hires.nii.gz,0.0018480778
CentOS6/run-1 vs CentOS7/run-1,102311,T2w/T2wToT1wDistortionCorrectAndReg/Magnitude_warppedT2w2T2w_acpc.nii.gz,0.0026478613
CentOS6/run-1 vs CentOS7/run-1,102311,MNINonLinear/xfms/NonlinearRegJacobians.nii.gz,0.0022080509
CentOS6/run-1 vs CentOS7/run-1,102311,T1w/BrainExtraction_FNIRTbased/NonlinearRegJacobians.nii.gz,0.0058173028
CentOS6/run-1 vs CentOS7/run-1,102311,T1w/BrainExtraction_FNIRTbased/NonlinearReg.nii.gz,0.0051393195
CentOS6/run-1 vs CentOS7/run-1,102311,T2w/T2w_acpc_brain_mask.nii.gz,0.0345832329
CentOS6/run-1 vs CentOS7/run-1,102311,T1w/subject_name/surf/lh.white.nii.gz,0.0257472722
CentOS6/run-1 vs CentOS7/run-1,102311,T2w/BrainExtraction_FNIRTbased/NonlinearIntensities.nii.gz,0.0077446755
CentOS6/run-1 vs CentOS7/run-1,102311,T2w/T2wToT1wDistortionCorrectAndReg/T1w_acpc_brain.nii.gz,0.0042045903
CentOS6/run-1 vs CentOS7/run-1,102311,T1w/T2w_acpc_dc_restore.nii.gz,0.0018361896
CentOS6/run-1 vs CentOS7/run-1,102311,T1w/T1w_acpc_dc_restore_1mm.nii.gz,0.0006836207
CentOS6/run-1 vs CentOS7/run-1,102311,T2w/T2wToT1wDistortionCorrectAndReg/FieldMap2T2w_acpc_Warp.nii.gz,0.0
CentOS6/run-1 vs CentOS7/run-1,102311,T1w/subject_name/mri/ribbon.postT2.pass1/dilribbon_inv.nii.gz,0.0407062648
CentOS6/run-1 vs CentOS7/run-1,102311,T1w/BiasField_acpc_dc.nii.gz,0.0027504089
CentOS6/run-1 vs CentOS7/run-1,102311,T1w/T1w_acpc_dc_restore_brain.nii.gz,0.0029276858
CentOS6/run-1 vs CentOS7/run-1,102311,T1w/BiasFieldCorrection_sqrtT1wXT1w/T1wmulT2w_brain_norm.nii.gz,0.0034075285
CentOS6/run-1 vs CentOS7/run-1,102311,T1w/T1w_acpc_dc_restore_brain_1mm.nii.gz,0.0031865463
CentOS6/run-1 vs CentOS7/run-1,102311,T1w/subject_name/mri/ribbon.postT2.pass1/T1w_hires.norm_ribbon.nii.gz,0.0319221546
CentOS6/run-1 vs CentOS7/run-1,102311,T2w/BrainExtraction_FNIRTbased/IntensityModulatedT1.nii.gz,0.0034127723
CentOS6/run-1 vs CentOS7/run-1,102311,T2w/T2wToT1wDistortionCorrectAndReg/FieldMap2T2w_acpc_ShiftMap.nii.gz,0.0
CentOS6/run-1 vs CentOS7/run-1,102311,MNINonLinear/xfms/IntensityModulatedT1.nii.gz,0.0025660885
CentOS6/run-1 vs CentOS7/run-1,102311,T2w/BrainExtraction_FNIRTbased/NonlinearReg.nii.gz,0.0103866001
CentOS6/run-1 vs CentOS7/run-1,102311,T2w/T2wToT1wDistortionCorrectAndReg/T1w_acpc.nii.gz,0.0003866734
CentOS6/run-1 vs CentOS7/run-1,102311,MNINonLinear/T1w_restore.nii.gz,0.0026272211
CentOS6/run-1 vs CentOS7/run-1,102311,T2w/T2wToT1wDistortionCorrectAndReg/T2w_acpc_brain.nii.gz,0.0046262375
CentOS6/run-1 vs CentOS7/run-1,102311,T1w/subject_name/mri/T1wMulT2w_hires.nii.gz,0.0018388061
CentOS6/run-1 vs CentOS7/run-1,102311,T1w/BrainExtraction_FNIRTbased/IntensityModulatedT1.nii.gz,0.0036123257
CentOS6/run-1 vs CentOS7/run-1,102311,T1w/BiasFieldCorrection_sqrtT1wXT1w/T1wmulT2w_brain.nii.gz,0.0034063736
CentOS6/run-1 vs CentOS7/run-1,102311,MNINonLinear/T1w_restore_brain.nii.gz,0.0048570126
CentOS6/run-1 vs CentOS7/run-1,102311,T1w/T1w_acpc_brain_mask.nii.gz,0.0273861278
CentOS6/run-1 vs CentOS7/run-1,102311,T1w/subject_name/mri/T1w_hires.norm_grey_myelin.nii.gz,0.0085205003
CentOS6/run-1 vs CentOS7/run-1,102311,T2w/BrainExtraction_FNIRTbased/T2w_acpc_to_MNI_nonlin.nii.gz,0.0178032518
CentOS6/run-1 vs CentOS7/run-1,102311,T2w/BrainExtraction_FNIRTbased/standard2str.nii.gz,0.0132950552
CentOS6/run-1 vs CentOS7/run-1,102311,MNINonLinear/xfms/2mmReg.nii.gz,0.0028816366
CentOS6/run-1 vs CentOS7/run-1,102311,T2w/T2wToT1wDistortionCorrectAndReg/T2w2T1w/T2w_dc_reg.nii.gz,0.007592068
CentOS6/run-1 vs CentOS7/run-1,105014,T2w/T2wToT1wDistortionCorrectAndReg/Magnitude_warppedT1w2T1w_acpc.nii.gz,0.0008081763
CentOS6/run-1 vs CentOS7/run-1,105014,T1w/T1w_acpc_brain.nii.gz,0.0056222652
CentOS6/run-1 vs CentOS7/run-1,105014,T1w/ACPCAlignment/acpc_final.nii.gz,0.0008819822
CentOS6/run-1 vs CentOS7/run-1,105014,T2w/T2w_acpc.nii.gz,0.0043495977
CentOS6/run-1 vs CentOS7/run-1,105014,T1w/subject_name/mri/T1w_hires.greynorm.nii.gz,0.0010402615
CentOS6/run-1 vs CentOS7/run-1,105014,MNINonLinear/T1w.nii.gz,0.0054230717
CentOS6/run-1 vs CentOS7/run-1,105014,T1w/BiasFieldCorrection_sqrtT1wXT1w/bias_raw.nii.gz,0.0052710436
CentOS6/run-1 vs CentOS7/run-1,105014,T1w/subject_name/mri/wm.hires.nii.gz,0.0640350459
CentOS6/run-1 vs CentOS7/run-1,105014,T1w/subject_name/mri/white.nii.gz,0.0397366329
CentOS6/run-1 vs CentOS7/run-1,105014,MNINonLinear/xfms/NonlinearIntensities.nii.gz,0.0088102845
CentOS6/run-1 vs CentOS7/run-1,105014,T2w/T2w.nii.gz,0.0002660845
CentOS6/run-1 vs CentOS7/run-1,105014,T2w/T2wToT1wDistortionCorrectAndReg/FieldMap2T1w_acpc_ShiftMap.nii.gz,0.0
CentOS6/run-1 vs CentOS7/run-1,105014,T1w/subject_name/mri/ribbon.postT2.pass1/ribbon_inv.nii.gz,0.066264621
CentOS6/run-1 vs CentOS7/run-1,105014,T2w/T2w_acpc_brain.nii.gz,0.0079706234
CentOS6/run-1 vs CentOS7/run-1,105014,T1w/subject_name/mri/ribbon.postT2.pass1/lh.ribbon.nii.gz,0.0470744091
CentOS6/run-1 vs CentOS7/run-1,105014,T1w/BiasFieldCorrection_sqrtT1wXT1w/SmoothNorm_s5.nii.gz,0.001
CentOS6/run-1 vs CentOS7/run-1,105014,T1w/BrainExtraction_FNIRTbased/standard2str.nii.gz,0.0057316311
CentOS6/run-1 vs CentOS7/run-1,105014,MNINonLinear/xfms/acpc_dc2standard.nii.gz,0.0020705307
CentOS6/run-1 vs CentOS7/run-1,105014,T1w/BiasFieldCorrection_sqrtT1wXT1w/T1wmulT2w.nii.gz,0.0024606003
CentOS6/run-1 vs CentOS7/run-1,105014,T1w/T1w_acpc_dc_brain.nii.gz,0.0058561988
CentOS6/run-1 vs CentOS7/run-1,105014,T2w/T2wToT1wDistortionCorrectAndReg/T2w2T1w/T2w_reg.nii.gz,0.0027592003
CentOS6/run-1 vs CentOS7/run-1,105014,T1w/ACPCAlignment/robustroi.nii.gz,0.000348119
CentOS6/run-1 vs CentOS7/run-1,105014,T1w/subject_name/mri/aseg.hires.nii.gz,0.0108317537
CentOS6/run-1 vs CentOS7/run-1,105014,T1w/T1w_acpc_dc_restore.nii.gz,0.0007996921
CentOS6/run-1 vs CentOS7/run-1,105014,MNINonLinear/xfms/T1w_acpc_dc_restore_brain_to_MNILinear.nii.gz,0.0032835117
CentOS6/run-1 vs CentOS7/run-1,105014,T1w/T1w_acpc_dc.nii.gz,0.0004495702
CentOS6/run-1 vs CentOS7/run-1,105014,T1w/BrainExtraction_FNIRTbased/T1w_acpc_to_MNI_nonlin.nii.gz,0.005864649
CentOS6/run-1 vs CentOS7/run-1,105014,T1w/BiasFieldCorrection_sqrtT1wXT1w/T1wmulT2w_brain_norm_modulate.nii.gz,0.0068987237
CentOS6/run-1 vs CentOS7/run-1,105014,T1w/BiasFieldCorrection_sqrtT1wXT1w/T1wmulT2w_brain_norm_s5.nii.gz,0.0096129298
CentOS6/run-1 vs CentOS7/run-1,105014,T2w/BrainExtraction_FNIRTbased/T2w_acpc_to_MNI_roughlin.nii.gz,0.0175109712
CentOS6/run-1 vs CentOS7/run-1,105014,T1w/subject_name/mri/T1w_hires.norm.nii.gz,0.0008670106
CentOS6/run-1 vs CentOS7/run-1,105014,T1w/BrainExtraction_FNIRTbased/NonlinearIntensities.nii.gz,0.0142771516
CentOS6/run-1 vs CentOS7/run-1,105014,T2w/T2wToT1wDistortionCorrectAndReg/T2w2T1w/sqrtT1wbyT2w.nii.gz,0.0024625922
CentOS6/run-1 vs CentOS7/run-1,105014,T1w/BrainExtraction_FNIRTbased/T1w_acpc_to_MNI_roughlin.nii.gz,0.0054956706
CentOS6/run-1 vs CentOS7/run-1,105014,T2w/ACPCAlignment/acpc_final.nii.gz,0.0053320884
CentOS6/run-1 vs CentOS7/run-1,105014,T2w/T2wToT1wDistortionCorrectAndReg/FieldMap2T2w_acpc.nii.gz,0.0035937159
CentOS6/run-1 vs CentOS7/run-1,105014,T1w/subject_name/mri/ribbon.postT2.pass1/T1w_hires.norm_ribbon_myelin.nii.gz,0.0068678621
CentOS6/run-1 vs CentOS7/run-1,105014,MNINonLinear/T2w_restore_brain.nii.gz,0.0093859528
CentOS6/run-1 vs CentOS7/run-1,105014,T2w/T2wToT1wDistortionCorrectAndReg/FieldMap2T1w_acpc.nii.gz,8.36191e-05
CentOS6/run-1 vs CentOS7/run-1,105014,MNINonLinear/xfms/NonlinearReg.nii.gz,0.0041920375
CentOS6/run-1 vs CentOS7/run-1,105014,T2w/T2wToT1wDistortionCorrectAndReg/T2w2T1w/T2w_reg_fast_wmedge.nii.gz,0.0284253408
CentOS6/run-1 vs CentOS7/run-1,105014,T1w/subject_name/mri/ribbon.postT2.pass1/ribbon_s5.nii.gz,0.0026254816
CentOS6/run-1 vs CentOS7/run-1,105014,MNINonLinear/xfms/standard2acpc_dc.nii.gz,0.0017296718
CentOS6/run-1 vs CentOS7/run-1,105014,T2w/BrainExtraction_FNIRTbased/NonlinearRegJacobians.nii.gz,0.0089646584
CentOS6/run-1 vs CentOS7/run-1,105014,T2w/T2wToT1wDistortionCorrectAndReg/FieldMap2T1w_acpc_Warp.nii.gz,0.0
CentOS6/run-1 vs CentOS7/run-1,105014,T2w/T2wToT1wDistortionCorrectAndReg/T2w_acpc.nii.gz,0.0043589105
CentOS6/run-1 vs CentOS7/run-1,105014,MNINonLinear/T2w_restore.nii.gz,0.0085517196
CentOS6/run-1 vs CentOS7/run-1,105014,T1w/subject_name/mri/ribbon.postT2.pass1/rh.ribbon.nii.gz,0.0469893604
CentOS6/run-1 vs CentOS7/run-1,105014,T1w/BrainExtraction_FNIRTbased/str2standard.nii.gz,0.0060846461
CentOS6/run-1 vs CentOS7/run-1,105014,T1w/T1w_acpc.nii.gz,0.000456692
CentOS6/run-1 vs CentOS7/run-1,105014,T1w/xfms/T1w_dc.nii.gz,0.0
CentOS6/run-1 vs CentOS7/run-1,105014,T1w/T2w_acpc_dc.nii.gz,0.0027592003
CentOS6/run-1 vs CentOS7/run-1,105014,T2w/BrainExtraction_FNIRTbased/str2standard.nii.gz,0.0154704082
CentOS6/run-1 vs CentOS7/run-1,105014,T1w/subject_name/mri/ribbon.postT2.pass1/T1w_hires.greynorm_ribbon.nii.gz,0.0010815883
CentOS6/run-1 vs CentOS7/run-1,105014,T1w/subject_name/mri/ribbon.postT2.pass1/ribbon.nii.gz,0.066264621
CentOS6/run-1 vs CentOS7/run-1,105014,T1w/subject_name/mri/T1w_hires.nii.gz,0.000862405
CentOS6/run-1 vs CentOS7/run-1,105014,T1w/subject_name/surf/rh.white.nii.gz,0.0197596413
CentOS6/run-1 vs CentOS7/run-1,105014,T1w/T2w_acpc_dc_restore_brain.nii.gz,0.005334953
CentOS6/run-1 vs CentOS7/run-1,105014,T1w/BiasFieldCorrection_sqrtT1wXT1w/T1wmulT2w_brain_norm_modulate_mask.nii.gz,0.0323882694
CentOS6/run-1 vs CentOS7/run-1,105014,T1w/xfms/T2w_reg_dc.nii.gz,0.0174947268
CentOS6/run-1 vs CentOS7/run-1,105014,MNINonLinear/T2w.nii.gz,0.0077039824
CentOS6/run-1 vs CentOS7/run-1,105014,T1w/T1w.nii.gz,0.0001091923
CentOS6/run-1 vs CentOS7/run-1,105014,T1w/subject_name/mri/T2w_hires.norm.nii.gz,0.0033332274
CentOS6/run-1 vs CentOS7/run-1,105014,T1w/subject_name/mri/T2w_hires.nii.gz,0.0033337179
CentOS6/run-1 vs CentOS7/run-1,105014,T2w/T2wToT1wDistortionCorrectAndReg/Magnitude_warppedT2w2T2w_acpc.nii.gz,0.0106130494
CentOS6/run-1 vs CentOS7/run-1,105014,MNINonLinear/xfms/NonlinearRegJacobians.nii.gz,0.0032762003
CentOS6/run-1 vs CentOS7/run-1,105014,T1w/BrainExtraction_FNIRTbased/NonlinearRegJacobians.nii.gz,0.0073133024
CentOS6/run-1 vs CentOS7/run-1,105014,T1w/BrainExtraction_FNIRTbased/NonlinearReg.nii.gz,0.0058474363
CentOS6/run-1 vs CentOS7/run-1,105014,T2w/T2w_acpc_brain_mask.nii.gz,0.0373095162
CentOS6/run-1 vs CentOS7/run-1,105014,T1w/subject_name/surf/lh.white.nii.gz,0.0208388319
CentOS6/run-1 vs CentOS7/run-1,105014,T2w/BrainExtraction_FNIRTbased/NonlinearIntensities.nii.gz,0.0194595836
CentOS6/run-1 vs CentOS7/run-1,105014,T2w/T2wToT1wDistortionCorrectAndReg/T1w_acpc_brain.nii.gz,0.0058561988
CentOS6/run-1 vs CentOS7/run-1,105014,T1w/T2w_acpc_dc_restore.nii.gz,0.0038846578
CentOS6/run-1 vs CentOS7/run-1,105014,T1w/T1w_acpc_dc_restore_1mm.nii.gz,0.000859272
CentOS6/run-1 vs CentOS7/run-1,105014,T2w/T2wToT1wDistortionCorrectAndReg/FieldMap2T2w_acpc_Warp.nii.gz,0.0028446345
CentOS6/run-1 vs CentOS7/run-1,105014,T1w/subject_name/mri/ribbon.postT2.pass1/dilribbon_inv.nii.gz,0.0350570962
CentOS6/run-1 vs CentOS7/run-1,105014,T1w/BiasField_acpc_dc.nii.gz,0.0047285096
CentOS6/run-1 vs CentOS7/run-1,105014,T1w/T1w_acpc_dc_restore_brain.nii.gz,0.0039792637
CentOS6/run-1 vs CentOS7/run-1,105014,T1w/BiasFieldCorrection_sqrtT1wXT1w/T1wmulT2w_brain_norm.nii.gz,0.0075556324
CentOS6/run-1 vs CentOS7/run-1,105014,T1w/T1w_acpc_dc_restore_brain_1mm.nii.gz,0.0045455741
CentOS6/run-1 vs CentOS7/run-1,105014,T1w/subject_name/mri/ribbon.postT2.pass1/T1w_hires.norm_ribbon.nii.gz,0.0273293655
CentOS6/run-1 vs CentOS7/run-1,105014,T2w/BrainExtraction_FNIRTbased/IntensityModulatedT1.nii.gz,0.0039612613
CentOS6/run-1 vs CentOS7/run-1,105014,T2w/T2wToT1wDistortionCorrectAndReg/FieldMap2T2w_acpc_ShiftMap.nii.gz,0.0034489469
CentOS6/run-1 vs CentOS7/run-1,105014,MNINonLinear/xfms/IntensityModulatedT1.nii.gz,0.0038149704
CentOS6/run-1 vs CentOS7/run-1,105014,T2w/BrainExtraction_FNIRTbased/NonlinearReg.nii.gz,0.0142367525
CentOS6/run-1 vs CentOS7/run-1,105014,T2w/T2wToT1wDistortionCorrectAndReg/T1w_acpc.nii.gz,0.0004495702
CentOS6/run-1 vs CentOS7/run-1,105014,MNINonLinear/T1w_restore.nii.gz,0.0051221871
CentOS6/run-1 vs CentOS7/run-1,105014,T2w/T2wToT1wDistortionCorrectAndReg/T2w_acpc_brain.nii.gz,0.0084953428
CentOS6/run-1 vs CentOS7/run-1,105014,T1w/subject_name/mri/T1wMulT2w_hires.nii.gz,0.0032101512
CentOS6/run-1 vs CentOS7/run-1,105014,T1w/BrainExtraction_FNIRTbased/IntensityModulatedT1.nii.gz,0.0065499853
CentOS6/run-1 vs CentOS7/run-1,105014,T1w/BiasFieldCorrection_sqrtT1wXT1w/T1wmulT2w_brain.nii.gz,0.0075584164
CentOS6/run-1 vs CentOS7/run-1,105014,MNINonLinear/T1w_restore_brain.nii.gz,0.0071076645
CentOS6/run-1 vs CentOS7/run-1,105014,T1w/T1w_acpc_brain_mask.nii.gz,0.0322024843
CentOS6/run-1 vs CentOS7/run-1,105014,T1w/subject_name/mri/T1w_hires.norm_grey_myelin.nii.gz,0.0070847804
CentOS6/run-1 vs CentOS7/run-1,105014,T2w/BrainExtraction_FNIRTbased/T2w_acpc_to_MNI_nonlin.nii.gz,0.0187728262
CentOS6/run-1 vs CentOS7/run-1,105014,T2w/BrainExtraction_FNIRTbased/standard2str.nii.gz,0.0169729846
CentOS6/run-1 vs CentOS7/run-1,105014,MNINonLinear/xfms/2mmReg.nii.gz,0.0053635645
CentOS6/run-1 vs CentOS7/run-1,105014,T2w/T2wToT1wDistortionCorrectAndReg/T2w2T1w/T2w_dc_reg.nii.gz,0.0174947268
CentOS6/run-1 vs CentOS7/run-1,105014,T2w/ACPCAlignment/robustroi.nii.gz,0.0002399144
CentOS6/run-1 vs CentOS7/run-1,101410,T2w/T2wToT1wDistortionCorrectAndReg/Magnitude_warppedT1w2T1w_acpc.nii.gz,0.0014827306
CentOS6/run-1 vs CentOS7/run-1,101410,T1w/T1w_acpc_brain.nii.gz,0.0060512278
CentOS6/run-1 vs CentOS7/run-1,101410,T1w/ACPCAlignment/acpc_final.nii.gz,0.0038742397
CentOS6/run-1 vs CentOS7/run-1,101410,T2w/T2w_acpc.nii.gz,0.0009537515
CentOS6/run-1 vs CentOS7/run-1,101410,T1w/subject_name/mri/T1w_hires.greynorm.nii.gz,0.002042774
CentOS6/run-1 vs CentOS7/run-1,101410,MNINonLinear/T1w.nii.gz,0.0047185512
CentOS6/run-1 vs CentOS7/run-1,101410,T1w/BiasFieldCorrection_sqrtT1wXT1w/bias_raw.nii.gz,0.0076900685
CentOS6/run-1 vs CentOS7/run-1,101410,T1w/subject_name/mri/wm.hires.nii.gz,0.0733737804
CentOS6/run-1 vs CentOS7/run-1,101410,T1w/subject_name/mri/white.nii.gz,0.0509901951
CentOS6/run-1 vs CentOS7/run-1,101410,MNINonLinear/xfms/NonlinearIntensities.nii.gz,0.0095768377
CentOS6/run-1 vs CentOS7/run-1,101410,T2w/T2wToT1wDistortionCorrectAndReg/FieldMap2T1w_acpc_ShiftMap.nii.gz,0.000547112
CentOS6/run-1 vs CentOS7/run-1,101410,T1w/subject_name/mri/ribbon.postT2.pass1/ribbon_inv.nii.gz,0.0808764489
CentOS6/run-1 vs CentOS7/run-1,101410,T2w/T2w_acpc_brain.nii.gz,0.0051072295
CentOS6/run-1 vs CentOS7/run-1,101410,T1w/subject_name/mri/ribbon.postT2.pass1/lh.ribbon.nii.gz,0.057
CentOS6/run-1 vs CentOS7/run-1,101410,T1w/BiasFieldCorrection_sqrtT1wXT1w/SmoothNorm_s5.nii.gz,0.001
CentOS6/run-1 vs CentOS7/run-1,101410,T1w/BrainExtraction_FNIRTbased/standard2str.nii.gz,0.0051356916
CentOS6/run-1 vs CentOS7/run-1,101410,MNINonLinear/xfms/acpc_dc2standard.nii.gz,0.0038237212
CentOS6/run-1 vs CentOS7/run-1,101410,T1w/BiasFieldCorrection_sqrtT1wXT1w/T1wmulT2w.nii.gz,0.0035761563
CentOS6/run-1 vs CentOS7/run-1,101410,T1w/T1w_acpc_dc_brain.nii.gz,0.0061057848
CentOS6/run-1 vs CentOS7/run-1,101410,T2w/T2wToT1wDistortionCorrectAndReg/T2w2T1w/T2w_reg.nii.gz,0.0040372952
CentOS6/run-1 vs CentOS7/run-1,101410,T1w/ACPCAlignment/robustroi.nii.gz,0.00043265
CentOS6/run-1 vs CentOS7/run-1,101410,T1w/subject_name/mri/aseg.hires.nii.gz,0.0114898989
CentOS6/run-1 vs CentOS7/run-1,101410,T1w/T1w_acpc_dc_restore.nii.gz,0.0018757402
CentOS6/run-1 vs CentOS7/run-1,101410,MNINonLinear/xfms/T1w_acpc_dc_restore_brain_to_MNILinear.nii.gz,0.0034331889
CentOS6/run-1 vs CentOS7/run-1,101410,T1w/T1w_acpc_dc.nii.gz,0.0024235173
CentOS6/run-1 vs CentOS7/run-1,101410,T1w/BrainExtraction_FNIRTbased/T1w_acpc_to_MNI_nonlin.nii.gz,0.0074879281
CentOS6/run-1 vs CentOS7/run-1,101410,T1w/BiasFieldCorrection_sqrtT1wXT1w/T1wmulT2w_brain_norm_modulate.nii.gz,0.0072016665
CentOS6/run-1 vs CentOS7/run-1,101410,T1w/BiasFieldCorrection_sqrtT1wXT1w/T1wmulT2w_brain_norm_s5.nii.gz,0.0090479131
CentOS6/run-1 vs CentOS7/run-1,101410,T2w/BrainExtraction_FNIRTbased/T2w_acpc_to_MNI_roughlin.nii.gz,0.0018767852
CentOS6/run-1 vs CentOS7/run-1,101410,T1w/subject_name/mri/T1w_hires.norm.nii.gz,0.001995453
CentOS6/run-1 vs CentOS7/run-1,101410,T1w/BrainExtraction_FNIRTbased/NonlinearIntensities.nii.gz,0.0032439111
CentOS6/run-1 vs CentOS7/run-1,101410,T2w/T2wToT1wDistortionCorrectAndReg/T2w2T1w/sqrtT1wbyT2w.nii.gz,0.0035834757
CentOS6/run-1 vs CentOS7/run-1,101410,T1w/BrainExtraction_FNIRTbased/T1w_acpc_to_MNI_roughlin.nii.gz,0.0024416038
CentOS6/run-1 vs CentOS7/run-1,101410,T2w/ACPCAlignment/acpc_final.nii.gz,0.0007867851
CentOS6/run-1 vs CentOS7/run-1,101410,T2w/T2wToT1wDistortionCorrectAndReg/FieldMap2T2w_acpc.nii.gz,0.0001941067
CentOS6/run-1 vs CentOS7/run-1,101410,T1w/subject_name/mri/ribbon.postT2.pass1/T1w_hires.norm_ribbon_myelin.nii.gz,0.0091484052
CentOS6/run-1 vs CentOS7/run-1,101410,MNINonLinear/T2w_restore_brain.nii.gz,0.0100561003
CentOS6/run-1 vs CentOS7/run-1,101410,T2w/T2wToT1wDistortionCorrectAndReg/FieldMap2T1w_acpc.nii.gz,0.000461175
CentOS6/run-1 vs CentOS7/run-1,101410,MNINonLinear/xfms/NonlinearReg.nii.gz,0.0036673522
CentOS6/run-1 vs CentOS7/run-1,101410,T2w/T2wToT1wDistortionCorrectAndReg/T2w2T1w/T2w_reg_fast_wmedge.nii.gz,0.0784920378
CentOS6/run-1 vs CentOS7/run-1,101410,T1w/subject_name/mri/ribbon.postT2.pass1/ribbon_s5.nii.gz,0.0032807232
CentOS6/run-1 vs CentOS7/run-1,101410,MNINonLinear/xfms/standard2acpc_dc.nii.gz,0.0039062697
CentOS6/run-1 vs CentOS7/run-1,101410,T2w/BrainExtraction_FNIRTbased/NonlinearRegJacobians.nii.gz,0.009598931
CentOS6/run-1 vs CentOS7/run-1,101410,T2w/T2wToT1wDistortionCorrectAndReg/FieldMap2T1w_acpc_Warp.nii.gz,0.0
CentOS6/run-1 vs CentOS7/run-1,101410,T2w/T2wToT1wDistortionCorrectAndReg/T2w_acpc.nii.gz,0.0009631465
CentOS6/run-1 vs CentOS7/run-1,101410,MNINonLinear/T2w_restore.nii.gz,0.008543236
CentOS6/run-1 vs CentOS7/run-1,101410,T1w/subject_name/mri/ribbon.postT2.pass1/rh.ribbon.nii.gz,0.0575934023
CentOS6/run-1 vs CentOS7/run-1,101410,T1w/BrainExtraction_FNIRTbased/str2standard.nii.gz,0.0055807242
CentOS6/run-1 vs CentOS7/run-1,101410,T1w/T1w_acpc.nii.gz,0.0024541068
CentOS6/run-1 vs CentOS7/run-1,101410,T1w/xfms/T1w_dc.nii.gz,0.0
CentOS6/run-1 vs CentOS7/run-1,101410,T1w/T2w_acpc_dc.nii.gz,0.0040372952
CentOS6/run-1 vs CentOS7/run-1,101410,T2w/BrainExtraction_FNIRTbased/str2standard.nii.gz,0.0072687292
CentOS6/run-1 vs CentOS7/run-1,101410,T1w/subject_name/mri/ribbon.postT2.pass1/T1w_hires.greynorm_ribbon.nii.gz,0.0020519692
CentOS6/run-1 vs CentOS7/run-1,101410,T1w/subject_name/mri/ribbon.postT2.pass1/ribbon.nii.gz,0.0808764489
CentOS6/run-1 vs CentOS7/run-1,101410,T1w/subject_name/mri/T1w_hires.nii.gz,0.0019945403
CentOS6/run-1 vs CentOS7/run-1,101410,T1w/subject_name/surf/rh.white.nii.gz,0.0250676811
CentOS6/run-1 vs CentOS7/run-1,101410,T1w/T2w_acpc_dc_restore_brain.nii.gz,0.0065387561
CentOS6/run-1 vs CentOS7/run-1,101410,T1w/BiasFieldCorrection_sqrtT1wXT1w/T1wmulT2w_brain_norm_modulate_mask.nii.gz,0.072952039
CentOS6/run-1 vs CentOS7/run-1,101410,T1w/xfms/T2w_reg_dc.nii.gz,0.0252297186
CentOS6/run-1 vs CentOS7/run-1,101410,MNINonLinear/T2w.nii.gz,0.006283483
CentOS6/run-1 vs CentOS7/run-1,101410,T1w/T1w.nii.gz,0.0001961252
CentOS6/run-1 vs CentOS7/run-1,101410,T1w/subject_name/mri/T2w_hires.norm.nii.gz,0.0042242388
CentOS6/run-1 vs CentOS7/run-1,101410,T1w/subject_name/mri/T2w_hires.nii.gz,0.0042258831
CentOS6/run-1 vs CentOS7/run-1,101410,T2w/T2wToT1wDistortionCorrectAndReg/Magnitude_warppedT2w2T2w_acpc.nii.gz,0.0011064259
CentOS6/run-1 vs CentOS7/run-1,101410,MNINonLinear/xfms/NonlinearRegJacobians.nii.gz,0.00339326
CentOS6/run-1 vs CentOS7/run-1,101410,T1w/BrainExtraction_FNIRTbased/NonlinearRegJacobians.nii.gz,0.0058171213
CentOS6/run-1 vs CentOS7/run-1,101410,T1w/BrainExtraction_FNIRTbased/NonlinearReg.nii.gz,0.0067885077
CentOS6/run-1 vs CentOS7/run-1,101410,T2w/T2w_acpc_brain_mask.nii.gz,0.0357770876
CentOS6/run-1 vs CentOS7/run-1,101410,T1w/subject_name/surf/lh.white.nii.gz,0.0285642773
CentOS6/run-1 vs CentOS7/run-1,101410,T2w/BrainExtraction_FNIRTbased/NonlinearIntensities.nii.gz,0.0067601795
CentOS6/run-1 vs CentOS7/run-1,101410,T2w/T2wToT1wDistortionCorrectAndReg/T1w_acpc_brain.nii.gz,0.0061057848
CentOS6/run-1 vs CentOS7/run-1,101410,T1w/T2w_acpc_dc_restore.nii.gz,0.0039236782
CentOS6/run-1 vs CentOS7/run-1,101410,T1w/T1w_acpc_dc_restore_1mm.nii.gz,0.0022972525
CentOS6/run-1 vs CentOS7/run-1,101410,T2w/T2wToT1wDistortionCorrectAndReg/FieldMap2T2w_acpc_Warp.nii.gz,0.0
CentOS6/run-1 vs CentOS7/run-1,101410,T1w/subject_name/mri/ribbon.postT2.pass1/dilribbon_inv.nii.gz,0.040348482
CentOS6/run-1 vs CentOS7/run-1,101410,T1w/BiasField_acpc_dc.nii.gz,0.0059514745
CentOS6/run-1 vs CentOS7/run-1,101410,T1w/T1w_acpc_dc_restore_brain.nii.gz,0.0052426309
CentOS6/run-1 vs CentOS7/run-1,101410,T1w/BiasFieldCorrection_sqrtT1wXT1w/T1wmulT2w_brain_norm.nii.gz,0.006294522
CentOS6/run-1 vs CentOS7/run-1,101410,T1w/T1w_acpc_dc_restore_brain_1mm.nii.gz,0.0052719478
CentOS6/run-1 vs CentOS7/run-1,101410,T1w/subject_name/mri/ribbon.postT2.pass1/T1w_hires.norm_ribbon.nii.gz,0.0412251625
CentOS6/run-1 vs CentOS7/run-1,101410,T2w/BrainExtraction_FNIRTbased/IntensityModulatedT1.nii.gz,0.0026226018
CentOS6/run-1 vs CentOS7/run-1,101410,T2w/T2wToT1wDistortionCorrectAndReg/FieldMap2T2w_acpc_ShiftMap.nii.gz,0.0
CentOS6/run-1 vs CentOS7/run-1,101410,MNINonLinear/xfms/IntensityModulatedT1.nii.gz,0.0028909452
CentOS6/run-1 vs CentOS7/run-1,101410,T2w/BrainExtraction_FNIRTbased/NonlinearReg.nii.gz,0.0095773322
CentOS6/run-1 vs CentOS7/run-1,101410,T2w/T2wToT1wDistortionCorrectAndReg/T1w_acpc.nii.gz,0.0024235173
CentOS6/run-1 vs CentOS7/run-1,101410,MNINonLinear/T1w_restore.nii.gz,0.0034804996
CentOS6/run-1 vs CentOS7/run-1,101410,T2w/T2wToT1wDistortionCorrectAndReg/T2w_acpc_brain.nii.gz,0.005523123
CentOS6/run-1 vs CentOS7/run-1,101410,T1w/subject_name/mri/T1wMulT2w_hires.nii.gz,0.0027232524
CentOS6/run-1 vs CentOS7/run-1,101410,T1w/BrainExtraction_FNIRTbased/IntensityModulatedT1.nii.gz,0.0020881457
CentOS6/run-1 vs CentOS7/run-1,101410,T1w/BiasFieldCorrection_sqrtT1wXT1w/T1wmulT2w_brain.nii.gz,0.0062968875
CentOS6/run-1 vs CentOS7/run-1,101410,MNINonLinear/T1w_restore_brain.nii.gz,0.008169497
CentOS6/run-1 vs CentOS7/run-1,101410,T1w/T1w_acpc_brain_mask.nii.gz,0.0320468407
CentOS6/run-1 vs CentOS7/run-1,101410,T1w/subject_name/mri/T1w_hires.norm_grey_myelin.nii.gz,0.0094649019
CentOS6/run-1 vs CentOS7/run-1,101410,T2w/BrainExtraction_FNIRTbased/T2w_acpc_to_MNI_nonlin.nii.gz,0.0130488857
CentOS6/run-1 vs CentOS7/run-1,101410,T2w/BrainExtraction_FNIRTbased/standard2str.nii.gz,0.0072383925
CentOS6/run-1 vs CentOS7/run-1,101410,MNINonLinear/xfms/2mmReg.nii.gz,0.0040568961
CentOS6/run-1 vs CentOS7/run-1,101410,T2w/T2wToT1wDistortionCorrectAndReg/T2w2T1w/T2w_dc_reg.nii.gz,0.0252297186
CentOS5/run-1 vs CentOS7/run-1,101410,T2w/T2wToT1wDistortionCorrectAndReg/Magnitude_warppedT1w2T1w_acpc.nii.gz,0.0014827306
CentOS5/run-1 vs CentOS7/run-1,101410,T1w/T1w_acpc_brain.nii.gz,0.0060512278
CentOS5/run-1 vs CentOS7/run-1,101410,T1w/ACPCAlignment/acpc_final.nii.gz,0.0038742397
CentOS5/run-1 vs CentOS7/run-1,101410,T2w/T2w_acpc.nii.gz,0.0009537515
CentOS5/run-1 vs CentOS7/run-1,101410,T1w/subject_name/mri/T1w_hires.greynorm.nii.gz,0.0020370998
CentOS5/run-1 vs CentOS7/run-1,101410,MNINonLinear/T1w.nii.gz,0.0033518028
CentOS5/run-1 vs CentOS7/run-1,101410,T1w/BiasFieldCorrection_sqrtT1wXT1w/bias_raw.nii.gz,0.0071749581
CentOS5/run-1 vs CentOS7/run-1,101410,T1w/subject_name/mri/wm.hires.nii.gz,0.0727638214
CentOS5/run-1 vs CentOS7/run-1,101410,T1w/subject_name/mri/white.nii.gz,0.050774009
CentOS5/run-1 vs CentOS7/run-1,101410,MNINonLinear/xfms/NonlinearIntensities.nii.gz,0.0054729868
CentOS5/run-1 vs CentOS7/run-1,101410,T2w/T2wToT1wDistortionCorrectAndReg/FieldMap2T1w_acpc_ShiftMap.nii.gz,0.000547112
CentOS5/run-1 vs CentOS7/run-1,101410,T1w/subject_name/mri/ribbon.postT2.pass1/ribbon_inv.nii.gz,0.0809506022
CentOS5/run-1 vs CentOS7/run-1,101410,T2w/T2w_acpc_brain.nii.gz,0.0051072295
CentOS5/run-1 vs CentOS7/run-1,101410,T1w/subject_name/mri/ribbon.postT2.pass1/lh.ribbon.nii.gz,0.0570788927
CentOS5/run-1 vs CentOS7/run-1,101410,T1w/BiasFieldCorrection_sqrtT1wXT1w/SmoothNorm_s5.nii.gz,0.001
CentOS5/run-1 vs CentOS7/run-1,101410,T1w/BrainExtraction_FNIRTbased/standard2str.nii.gz,0.0051356916
CentOS5/run-1 vs CentOS7/run-1,101410,MNINonLinear/xfms/acpc_dc2standard.nii.gz,0.0031134156
CentOS5/run-1 vs CentOS7/run-1,101410,T1w/BiasFieldCorrection_sqrtT1wXT1w/T1wmulT2w.nii.gz,0.0035274729
CentOS5/run-1 vs CentOS7/run-1,101410,T1w/T1w_acpc_dc_brain.nii.gz,0.0061057848
CentOS5/run-1 vs CentOS7/run-1,101410,T2w/T2wToT1wDistortionCorrectAndReg/T2w2T1w/T2w_reg.nii.gz,0.0037632085
CentOS5/run-1 vs CentOS7/run-1,101410,T1w/ACPCAlignment/robustroi.nii.gz,0.00043265
CentOS5/run-1 vs CentOS7/run-1,101410,T1w/subject_name/mri/aseg.hires.nii.gz,0.0101895061
CentOS5/run-1 vs CentOS7/run-1,101410,T1w/T1w_acpc_dc_restore.nii.gz,0.0018715512
CentOS5/run-1 vs CentOS7/run-1,101410,MNINonLinear/xfms/T1w_acpc_dc_restore_brain_to_MNILinear.nii.gz,0.0035248139
CentOS5/run-1 vs CentOS7/run-1,101410,T1w/T1w_acpc_dc.nii.gz,0.0024235173
CentOS5/run-1 vs CentOS7/run-1,101410,T1w/BrainExtraction_FNIRTbased/T1w_acpc_to_MNI_nonlin.nii.gz,0.0074879281
CentOS5/run-1 vs CentOS7/run-1,101410,T1w/BiasFieldCorrection_sqrtT1wXT1w/T1wmulT2w_brain_norm_modulate.nii.gz,0.0071071618
CentOS5/run-1 vs CentOS7/run-1,101410,T1w/BiasFieldCorrection_sqrtT1wXT1w/T1wmulT2w_brain_norm_s5.nii.gz,0.0092524423
CentOS5/run-1 vs CentOS7/run-1,101410,T2w/BrainExtraction_FNIRTbased/T2w_acpc_to_MNI_roughlin.nii.gz,0.0018767852
CentOS5/run-1 vs CentOS7/run-1,101410,T1w/subject_name/mri/T1w_hires.norm.nii.gz,0.0019904796
CentOS5/run-1 vs CentOS7/run-1,101410,T1w/BrainExtraction_FNIRTbased/NonlinearIntensities.nii.gz,0.0032439111
CentOS5/run-1 vs CentOS7/run-1,101410,T2w/T2wToT1wDistortionCorrectAndReg/T2w2T1w/sqrtT1wbyT2w.nii.gz,0.0035369133
CentOS5/run-1 vs CentOS7/run-1,101410,T1w/BrainExtraction_FNIRTbased/T1w_acpc_to_MNI_roughlin.nii.gz,0.0024416038
CentOS5/run-1 vs CentOS7/run-1,101410,T2w/ACPCAlignment/acpc_final.nii.gz,0.0007867851
CentOS5/run-1 vs CentOS7/run-1,101410,T2w/T2wToT1wDistortionCorrectAndReg/FieldMap2T2w_acpc.nii.gz,0.0001941067
CentOS5/run-1 vs CentOS7/run-1,101410,T1w/subject_name/mri/ribbon.postT2.pass1/T1w_hires.norm_ribbon_myelin.nii.gz,0.0086849569
CentOS5/run-1 vs CentOS7/run-1,101410,MNINonLinear/T2w_restore_brain.nii.gz,0.0084816643
CentOS5/run-1 vs CentOS7/run-1,101410,T2w/T2wToT1wDistortionCorrectAndReg/FieldMap2T1w_acpc.nii.gz,0.000461175
CentOS5/run-1 vs CentOS7/run-1,101410,MNINonLinear/xfms/NonlinearReg.nii.gz,0.002959916
CentOS5/run-1 vs CentOS7/run-1,101410,T2w/T2wToT1wDistortionCorrectAndReg/T2w2T1w/T2w_reg_fast_wmedge.nii.gz,0.0784920378
CentOS5/run-1 vs CentOS7/run-1,101410,T1w/subject_name/mri/ribbon.postT2.pass1/ribbon_s5.nii.gz,0.0046189992
CentOS5/run-1 vs CentOS7/run-1,101410,MNINonLinear/xfms/standard2acpc_dc.nii.gz,0.0032310992
CentOS5/run-1 vs CentOS7/run-1,101410,T2w/BrainExtraction_FNIRTbased/NonlinearRegJacobians.nii.gz,0.009598931
CentOS5/run-1 vs CentOS7/run-1,101410,T2w/T2wToT1wDistortionCorrectAndReg/FieldMap2T1w_acpc_Warp.nii.gz,0.0
CentOS5/run-1 vs CentOS7/run-1,101410,T2w/T2wToT1wDistortionCorrectAndReg/T2w_acpc.nii.gz,0.0009631465
CentOS5/run-1 vs CentOS7/run-1,101410,MNINonLinear/T2w_restore.nii.gz,0.0060481184
CentOS5/run-1 vs CentOS7/run-1,101410,T1w/subject_name/mri/ribbon.postT2.pass1/rh.ribbon.nii.gz,0.0576194411
CentOS5/run-1 vs CentOS7/run-1,101410,T1w/BrainExtraction_FNIRTbased/str2standard.nii.gz,0.0055807242
CentOS5/run-1 vs CentOS7/run-1,101410,T1w/T1w_acpc.nii.gz,0.0024541068
CentOS5/run-1 vs CentOS7/run-1,101410,T1w/xfms/T1w_dc.nii.gz,0.0
CentOS5/run-1 vs CentOS7/run-1,101410,T1w/T2w_acpc_dc.nii.gz,0.0037632085
CentOS5/run-1 vs CentOS7/run-1,101410,T2w/BrainExtraction_FNIRTbased/str2standard.nii.gz,0.0072687292
CentOS5/run-1 vs CentOS7/run-1,101410,T1w/subject_name/mri/ribbon.postT2.pass1/T1w_hires.greynorm_ribbon.nii.gz,0.0020460531
CentOS5/run-1 vs CentOS7/run-1,101410,T1w/subject_name/mri/ribbon.postT2.pass1/ribbon.nii.gz,0.0809506022
CentOS5/run-1 vs CentOS7/run-1,101410,T1w/subject_name/mri/T1w_hires.nii.gz,0.0019887789
CentOS5/run-1 vs CentOS7/run-1,101410,T1w/subject_name/surf/rh.white.nii.gz,0.0236447869
CentOS5/run-1 vs CentOS7/run-1,101410,T1w/T2w_acpc_dc_restore_brain.nii.gz,0.0064870602
CentOS5/run-1 vs CentOS7/run-1,101410,T1w/BiasFieldCorrection_sqrtT1wXT1w/T1wmulT2w_brain_norm_modulate_mask.nii.gz,0.0714352853
CentOS5/run-1 vs CentOS7/run-1,101410,T1w/xfms/T2w_reg_dc.nii.gz,0.0252257702
CentOS5/run-1 vs CentOS7/run-1,101410,MNINonLinear/T2w.nii.gz,0.004225916
CentOS5/run-1 vs CentOS7/run-1,101410,T1w/T1w.nii.gz,0.0001961252
CentOS5/run-1 vs CentOS7/run-1,101410,T1w/subject_name/mri/T2w_hires.norm.nii.gz,0.0039912881
CentOS5/run-1 vs CentOS7/run-1,101410,T1w/subject_name/mri/T2w_hires.nii.gz,0.0039907158
CentOS5/run-1 vs CentOS7/run-1,101410,T2w/T2wToT1wDistortionCorrectAndReg/Magnitude_warppedT2w2T2w_acpc.nii.gz,0.0011064259
CentOS5/run-1 vs CentOS7/run-1,101410,MNINonLinear/xfms/NonlinearRegJacobians.nii.gz,0.0024797908
CentOS5/run-1 vs CentOS7/run-1,101410,T1w/BrainExtraction_FNIRTbased/NonlinearRegJacobians.nii.gz,0.0058171213
CentOS5/run-1 vs CentOS7/run-1,101410,T1w/BrainExtraction_FNIRTbased/NonlinearReg.nii.gz,0.0067885077
CentOS5/run-1 vs CentOS7/run-1,101410,T2w/T2w_acpc_brain_mask.nii.gz,0.0357770876
CentOS5/run-1 vs CentOS7/run-1,101410,T1w/subject_name/surf/lh.white.nii.gz,0.0274003816
CentOS5/run-1 vs CentOS7/run-1,101410,T2w/BrainExtraction_FNIRTbased/NonlinearIntensities.nii.gz,0.0067601795
CentOS5/run-1 vs CentOS7/run-1,101410,T2w/T2wToT1wDistortionCorrectAndReg/T1w_acpc_brain.nii.gz,0.0061057848
CentOS5/run-1 vs CentOS7/run-1,101410,T1w/T2w_acpc_dc_restore.nii.gz,0.004054649
CentOS5/run-1 vs CentOS7/run-1,101410,T1w/T1w_acpc_dc_restore_1mm.nii.gz,0.0022914954
CentOS5/run-1 vs CentOS7/run-1,101410,T2w/T2wToT1wDistortionCorrectAndReg/FieldMap2T2w_acpc_Warp.nii.gz,0.0
CentOS5/run-1 vs CentOS7/run-1,101410,T1w/subject_name/mri/ribbon.postT2.pass1/dilribbon_inv.nii.gz,0.0412310562
CentOS5/run-1 vs CentOS7/run-1,101410,T1w/BiasField_acpc_dc.nii.gz,0.0056776898
CentOS5/run-1 vs CentOS7/run-1,101410,T1w/T1w_acpc_dc_restore_brain.nii.gz,0.0052345042
CentOS5/run-1 vs CentOS7/run-1,101410,T1w/BiasFieldCorrection_sqrtT1wXT1w/T1wmulT2w_brain_norm.nii.gz,0.0063578868
CentOS5/run-1 vs CentOS7/run-1,101410,T1w/T1w_acpc_dc_restore_brain_1mm.nii.gz,0.0052402767
CentOS5/run-1 vs CentOS7/run-1,101410,T1w/subject_name/mri/ribbon.postT2.pass1/T1w_hires.norm_ribbon.nii.gz,0.0408316678
CentOS5/run-1 vs CentOS7/run-1,101410,T2w/BrainExtraction_FNIRTbased/IntensityModulatedT1.nii.gz,0.0026226018
CentOS5/run-1 vs CentOS7/run-1,101410,T2w/T2wToT1wDistortionCorrectAndReg/FieldMap2T2w_acpc_ShiftMap.nii.gz,0.0
CentOS5/run-1 vs CentOS7/run-1,101410,MNINonLinear/xfms/IntensityModulatedT1.nii.gz,0.0022501391
CentOS5/run-1 vs CentOS7/run-1,101410,T2w/BrainExtraction_FNIRTbased/NonlinearReg.nii.gz,0.0095773322
CentOS5/run-1 vs CentOS7/run-1,101410,T2w/T2wToT1wDistortionCorrectAndReg/T1w_acpc.nii.gz,0.0024235173
CentOS5/run-1 vs CentOS7/run-1,101410,MNINonLinear/T1w_restore.nii.gz,0.0026741139
CentOS5/run-1 vs CentOS7/run-1,101410,T2w/T2wToT1wDistortionCorrectAndReg/T2w_acpc_brain.nii.gz,0.005523123
CentOS5/run-1 vs CentOS7/run-1,101410,T1w/subject_name/mri/T1wMulT2w_hires.nii.gz,0.0026794166
CentOS5/run-1 vs CentOS7/run-1,101410,T1w/BrainExtraction_FNIRTbased/IntensityModulatedT1.nii.gz,0.0020881457
CentOS5/run-1 vs CentOS7/run-1,101410,T1w/BiasFieldCorrection_sqrtT1wXT1w/T1wmulT2w_brain.nii.gz,0.0063589527
CentOS5/run-1 vs CentOS7/run-1,101410,MNINonLinear/T1w_restore_brain.nii.gz,0.0075614953
CentOS5/run-1 vs CentOS7/run-1,101410,T1w/T1w_acpc_brain_mask.nii.gz,0.0320468407
CentOS5/run-1 vs CentOS7/run-1,101410,T1w/subject_name/mri/T1w_hires.norm_grey_myelin.nii.gz,0.0095307969
CentOS5/run-1 vs CentOS7/run-1,101410,T2w/BrainExtraction_FNIRTbased/T2w_acpc_to_MNI_nonlin.nii.gz,0.0130488857
CentOS5/run-1 vs CentOS7/run-1,101410,T2w/BrainExtraction_FNIRTbased/standard2str.nii.gz,0.0072383925
CentOS5/run-1 vs CentOS7/run-1,101410,MNINonLinear/xfms/2mmReg.nii.gz,0.0032335387
CentOS5/run-1 vs CentOS7/run-1,101410,T2w/T2wToT1wDistortionCorrectAndReg/T2w2T1w/T2w_dc_reg.nii.gz,0.0252257702
CentOS5/run-1 vs CentOS7/run-1,102311,T2w/T2wToT1wDistortionCorrectAndReg/Magnitude_warppedT1w2T1w_acpc.nii.gz,0.0008491185
CentOS5/run-1 vs CentOS7/run-1,102311,T1w/T1w_acpc_brain.nii.gz,0.004084184
CentOS5/run-1 vs CentOS7/run-1,102311,T1w/ACPCAlignment/acpc_final.nii.gz,0.0016308087
CentOS5/run-1 vs CentOS7/run-1,102311,T2w/T2w_acpc.nii.gz,0.0026836157
CentOS5/run-1 vs CentOS7/run-1,102311,T1w/subject_name/mri/T1w_hires.greynorm.nii.gz,0.000890498
CentOS5/run-1 vs CentOS7/run-1,102311,MNINonLinear/T1w.nii.gz,0.0037038224
CentOS5/run-1 vs CentOS7/run-1,102311,T1w/BiasFieldCorrection_sqrtT1wXT1w/bias_raw.nii.gz,0.0033213012
CentOS5/run-1 vs CentOS7/run-1,102311,T1w/subject_name/mri/wm.hires.nii.gz,0.061931407
CentOS5/run-1 vs CentOS7/run-1,102311,T1w/subject_name/mri/white.nii.gz,0.0438976081
CentOS5/run-1 vs CentOS7/run-1,102311,MNINonLinear/xfms/NonlinearIntensities.nii.gz,0.0060625696
CentOS5/run-1 vs CentOS7/run-1,102311,T2w/T2wToT1wDistortionCorrectAndReg/FieldMap2T1w_acpc_ShiftMap.nii.gz,0.0
CentOS5/run-1 vs CentOS7/run-1,102311,T1w/subject_name/mri/ribbon.postT2.pass1/ribbon_inv.nii.gz,0.0729040465
CentOS5/run-1 vs CentOS7/run-1,102311,T2w/T2w_acpc_brain.nii.gz,0.0043480298
CentOS5/run-1 vs CentOS7/run-1,102311,T1w/subject_name/mri/ribbon.postT2.pass1/lh.ribbon.nii.gz,0.0510685813
CentOS5/run-1 vs CentOS7/run-1,102311,T1w/BiasFieldCorrection_sqrtT1wXT1w/SmoothNorm_s5.nii.gz,0.001
CentOS5/run-1 vs CentOS7/run-1,102311,T1w/BrainExtraction_FNIRTbased/standard2str.nii.gz,0.0039445893
CentOS5/run-1 vs CentOS7/run-1,102311,MNINonLinear/xfms/acpc_dc2standard.nii.gz,0.0016198967
CentOS5/run-1 vs CentOS7/run-1,102311,T1w/BiasFieldCorrection_sqrtT1wXT1w/T1wmulT2w.nii.gz,0.0013560273
CentOS5/run-1 vs CentOS7/run-1,102311,T1w/T1w_acpc_dc_brain.nii.gz,0.0042045903
CentOS5/run-1 vs CentOS7/run-1,102311,T2w/T2wToT1wDistortionCorrectAndReg/T2w2T1w/T2w_reg.nii.gz,0.0012482697
CentOS5/run-1 vs CentOS7/run-1,102311,T1w/subject_name/mri/aseg.hires.nii.gz,0.0104502747
CentOS5/run-1 vs CentOS7/run-1,102311,T1w/T1w_acpc_dc_restore.nii.gz,0.0005995677
CentOS5/run-1 vs CentOS7/run-1,102311,MNINonLinear/xfms/T1w_acpc_dc_restore_brain_to_MNILinear.nii.gz,0.0029330211
CentOS5/run-1 vs CentOS7/run-1,102311,MNINonLinear/xfms/NonlinearReg.nii.gz,0.0031303559
CentOS5/run-1 vs CentOS7/run-1,102311,T1w/BrainExtraction_FNIRTbased/T1w_acpc_to_MNI_nonlin.nii.gz,0.0083735578
CentOS5/run-1 vs CentOS7/run-1,102311,T1w/BiasFieldCorrection_sqrtT1wXT1w/T1wmulT2w_brain_norm_modulate.nii.gz,0.0054931458
CentOS5/run-1 vs CentOS7/run-1,102311,T1w/BiasFieldCorrection_sqrtT1wXT1w/T1wmulT2w_brain_norm_s5.nii.gz,0.0052278948
CentOS5/run-1 vs CentOS7/run-1,102311,T2w/BrainExtraction_FNIRTbased/T2w_acpc_to_MNI_roughlin.nii.gz,0.0134835944
CentOS5/run-1 vs CentOS7/run-1,102311,T1w/subject_name/mri/T1w_hires.norm.nii.gz,0.0006487437
CentOS5/run-1 vs CentOS7/run-1,102311,T1w/BrainExtraction_FNIRTbased/NonlinearIntensities.nii.gz,0.0077288847
CentOS5/run-1 vs CentOS7/run-1,102311,T2w/T2wToT1wDistortionCorrectAndReg/T2w2T1w/sqrtT1wbyT2w.nii.gz,0.0013363567
CentOS5/run-1 vs CentOS7/run-1,102311,T1w/BrainExtraction_FNIRTbased/T1w_acpc_to_MNI_roughlin.nii.gz,0.0065835449
CentOS5/run-1 vs CentOS7/run-1,102311,T2w/ACPCAlignment/acpc_final.nii.gz,0.0027018781
CentOS5/run-1 vs CentOS7/run-1,102311,T2w/T2wToT1wDistortionCorrectAndReg/FieldMap2T2w_acpc.nii.gz,0.0005089584
CentOS5/run-1 vs CentOS7/run-1,102311,T1w/subject_name/mri/ribbon.postT2.pass1/T1w_hires.norm_ribbon_myelin.nii.gz,0.007126641
CentOS5/run-1 vs CentOS7/run-1,102311,MNINonLinear/T2w_restore_brain.nii.gz,0.006857103
CentOS5/run-1 vs CentOS7/run-1,102311,T2w/T2wToT1wDistortionCorrectAndReg/FieldMap2T1w_acpc.nii.gz,9.94237e-05
CentOS5/run-1 vs CentOS7/run-1,102311,T1w/T1w_acpc_dc.nii.gz,0.0003866734
CentOS5/run-1 vs CentOS7/run-1,102311,T2w/T2wToT1wDistortionCorrectAndReg/T2w2T1w/T2w_reg_fast_wmedge.nii.gz,0.0270370116
CentOS5/run-1 vs CentOS7/run-1,102311,T1w/subject_name/mri/ribbon.postT2.pass1/ribbon_s5.nii.gz,0.0039289797
CentOS5/run-1 vs CentOS7/run-1,102311,MNINonLinear/xfms/standard2acpc_dc.nii.gz,0.0015506681
CentOS5/run-1 vs CentOS7/run-1,102311,T2w/BrainExtraction_FNIRTbased/NonlinearRegJacobians.nii.gz,0.0076319548
CentOS5/run-1 vs CentOS7/run-1,102311,T2w/T2wToT1wDistortionCorrectAndReg/FieldMap2T1w_acpc_Warp.nii.gz,0.0
CentOS5/run-1 vs CentOS7/run-1,102311,T2w/T2wToT1wDistortionCorrectAndReg/T2w_acpc.nii.gz,0.0026873147
CentOS5/run-1 vs CentOS7/run-1,102311,MNINonLinear/T2w_restore.nii.gz,0.0058868988
CentOS5/run-1 vs CentOS7/run-1,102311,T1w/subject_name/mri/ribbon.postT2.pass1/rh.ribbon.nii.gz,0.0524499761
CentOS5/run-1 vs CentOS7/run-1,102311,T1w/BrainExtraction_FNIRTbased/str2standard.nii.gz,0.0040587384
CentOS5/run-1 vs CentOS7/run-1,102311,T1w/T1w_acpc.nii.gz,0.0003772707
CentOS5/run-1 vs CentOS7/run-1,102311,T1w/xfms/T1w_dc.nii.gz,0.0
CentOS5/run-1 vs CentOS7/run-1,102311,T1w/T2w_acpc_dc.nii.gz,0.0012482697
CentOS5/run-1 vs CentOS7/run-1,102311,T2w/BrainExtraction_FNIRTbased/str2standard.nii.gz,0.0112078642
CentOS5/run-1 vs CentOS7/run-1,102311,T1w/subject_name/mri/ribbon.postT2.pass1/T1w_hires.greynorm_ribbon.nii.gz,0.0009532601
CentOS5/run-1 vs CentOS7/run-1,102311,T1w/subject_name/mri/ribbon.postT2.pass1/ribbon.nii.gz,0.0729040465
CentOS5/run-1 vs CentOS7/run-1,102311,T1w/subject_name/mri/T1w_hires.nii.gz,0.0006488542
CentOS5/run-1 vs CentOS7/run-1,102311,T1w/subject_name/surf/rh.white.nii.gz,0.0255963154
CentOS5/run-1 vs CentOS7/run-1,102311,T1w/T2w_acpc_dc_restore_brain.nii.gz,0.0032309387
CentOS5/run-1 vs CentOS7/run-1,102311,T1w/BiasFieldCorrection_sqrtT1wXT1w/T1wmulT2w_brain_norm_modulate_mask.nii.gz,0.040348482
CentOS5/run-1 vs CentOS7/run-1,102311,T1w/xfms/T2w_reg_dc.nii.gz,0.0093644928
CentOS5/run-1 vs CentOS7/run-1,102311,MNINonLinear/T2w.nii.gz,0.0039543636
CentOS5/run-1 vs CentOS7/run-1,102311,T1w/subject_name/mri/T2w_hires.norm.nii.gz,0.0016625806
CentOS5/run-1 vs CentOS7/run-1,102311,T1w/subject_name/mri/T2w_hires.nii.gz,0.0016568938
CentOS5/run-1 vs CentOS7/run-1,102311,T2w/T2wToT1wDistortionCorrectAndReg/Magnitude_warppedT2w2T2w_acpc.nii.gz,0.0026478613
CentOS5/run-1 vs CentOS7/run-1,102311,MNINonLinear/xfms/NonlinearRegJacobians.nii.gz,0.003223044
CentOS5/run-1 vs CentOS7/run-1,102311,T1w/BrainExtraction_FNIRTbased/NonlinearRegJacobians.nii.gz,0.0058173028
CentOS5/run-1 vs CentOS7/run-1,102311,T1w/BrainExtraction_FNIRTbased/NonlinearReg.nii.gz,0.0051393195
CentOS5/run-1 vs CentOS7/run-1,102311,T2w/T2w_acpc_brain_mask.nii.gz,0.0345832329
CentOS5/run-1 vs CentOS7/run-1,102311,T1w/subject_name/surf/lh.white.nii.gz,0.0247041144
CentOS5/run-1 vs CentOS7/run-1,102311,T2w/BrainExtraction_FNIRTbased/NonlinearIntensities.nii.gz,0.0077446755
CentOS5/run-1 vs CentOS7/run-1,102311,T2w/T2wToT1wDistortionCorrectAndReg/T1w_acpc_brain.nii.gz,0.0042045903
CentOS5/run-1 vs CentOS7/run-1,102311,T1w/T2w_acpc_dc_restore.nii.gz,0.0019303246
CentOS5/run-1 vs CentOS7/run-1,102311,T1w/T1w_acpc_dc_restore_1mm.nii.gz,0.0006394089
CentOS5/run-1 vs CentOS7/run-1,102311,T2w/T2wToT1wDistortionCorrectAndReg/FieldMap2T2w_acpc_Warp.nii.gz,0.0
CentOS5/run-1 vs CentOS7/run-1,102311,T1w/subject_name/mri/ribbon.postT2.pass1/dilribbon_inv.nii.gz,0.0405955662
CentOS5/run-1 vs CentOS7/run-1,102311,T1w/BiasField_acpc_dc.nii.gz,0.0025378167
CentOS5/run-1 vs CentOS7/run-1,102311,T1w/T1w_acpc_dc_restore_brain.nii.gz,0.0029315458
CentOS5/run-1 vs CentOS7/run-1,102311,T1w/BiasFieldCorrection_sqrtT1wXT1w/T1wmulT2w_brain_norm.nii.gz,0.0034281315
CentOS5/run-1 vs CentOS7/run-1,102311,T1w/T1w_acpc_dc_restore_brain_1mm.nii.gz,0.0031907136
CentOS5/run-1 vs CentOS7/run-1,102311,T1w/subject_name/mri/ribbon.postT2.pass1/T1w_hires.norm_ribbon.nii.gz,0.0260024427
CentOS5/run-1 vs CentOS7/run-1,102311,T2w/BrainExtraction_FNIRTbased/IntensityModulatedT1.nii.gz,0.0034127723
CentOS5/run-1 vs CentOS7/run-1,102311,T2w/T2wToT1wDistortionCorrectAndReg/FieldMap2T2w_acpc_ShiftMap.nii.gz,0.0
CentOS5/run-1 vs CentOS7/run-1,102311,MNINonLinear/xfms/IntensityModulatedT1.nii.gz,0.0030878514
CentOS5/run-1 vs CentOS7/run-1,102311,T2w/BrainExtraction_FNIRTbased/NonlinearReg.nii.gz,0.0103866001
CentOS5/run-1 vs CentOS7/run-1,102311,T2w/T2wToT1wDistortionCorrectAndReg/T1w_acpc.nii.gz,0.0003866734
CentOS5/run-1 vs CentOS7/run-1,102311,MNINonLinear/T1w_restore.nii.gz,0.0036039882
CentOS5/run-1 vs CentOS7/run-1,102311,T2w/T2wToT1wDistortionCorrectAndReg/T2w_acpc_brain.nii.gz,0.0046262375
CentOS5/run-1 vs CentOS7/run-1,102311,T1w/subject_name/mri/T1wMulT2w_hires.nii.gz,0.0016156807
CentOS5/run-1 vs CentOS7/run-1,102311,T1w/BrainExtraction_FNIRTbased/IntensityModulatedT1.nii.gz,0.0036123257
CentOS5/run-1 vs CentOS7/run-1,102311,T1w/BiasFieldCorrection_sqrtT1wXT1w/T1wmulT2w_brain.nii.gz,0.0034347444
CentOS5/run-1 vs CentOS7/run-1,102311,MNINonLinear/T1w_restore_brain.nii.gz,0.0052206269
CentOS5/run-1 vs CentOS7/run-1,102311,T1w/T1w_acpc_brain_mask.nii.gz,0.0273861278
CentOS5/run-1 vs CentOS7/run-1,102311,T1w/subject_name/mri/T1w_hires.norm_grey_myelin.nii.gz,0.0090085422
CentOS5/run-1 vs CentOS7/run-1,102311,T2w/BrainExtraction_FNIRTbased/T2w_acpc_to_MNI_nonlin.nii.gz,0.0178032518
CentOS5/run-1 vs CentOS7/run-1,102311,T2w/BrainExtraction_FNIRTbased/standard2str.nii.gz,0.0132950552
CentOS5/run-1 vs CentOS7/run-1,102311,MNINonLinear/xfms/2mmReg.nii.gz,0.0038639399
CentOS5/run-1 vs CentOS7/run-1,102311,T2w/T2wToT1wDistortionCorrectAndReg/T2w2T1w/T2w_dc_reg.nii.gz,0.0093644928
CentOS5/run-1 vs CentOS7/run-1,105014,T2w/T2wToT1wDistortionCorrectAndReg/Magnitude_warppedT1w2T1w_acpc.nii.gz,0.0008081763
CentOS5/run-1 vs CentOS7/run-1,105014,T1w/T1w_acpc_brain.nii.gz,0.0056222652
CentOS5/run-1 vs CentOS7/run-1,105014,T1w/ACPCAlignment/acpc_final.nii.gz,0.0008819822
CentOS5/run-1 vs CentOS7/run-1,105014,T2w/T2w_acpc.nii.gz,0.0043495977
CentOS5/run-1 vs CentOS7/run-1,105014,T1w/subject_name/mri/T1w_hires.greynorm.nii.gz,0.0008868487
CentOS5/run-1 vs CentOS7/run-1,105014,MNINonLinear/T1w.nii.gz,0.0048171971
CentOS5/run-1 vs CentOS7/run-1,105014,T1w/BiasFieldCorrection_sqrtT1wXT1w/bias_raw.nii.gz,0.0047811582
CentOS5/run-1 vs CentOS7/run-1,105014,T1w/subject_name/mri/wm.hires.nii.gz,0.0609064287
CentOS5/run-1 vs CentOS7/run-1,105014,T1w/subject_name/mri/white.nii.gz,0.0393192065
CentOS5/run-1 vs CentOS7/run-1,105014,MNINonLinear/xfms/NonlinearIntensities.nii.gz,0.0053138674
CentOS5/run-1 vs CentOS7/run-1,105014,T2w/T2w.nii.gz,0.0002660845
CentOS5/run-1 vs CentOS7/run-1,105014,T2w/T2wToT1wDistortionCorrectAndReg/FieldMap2T1w_acpc_ShiftMap.nii.gz,0.0
CentOS5/run-1 vs CentOS7/run-1,105014,T1w/subject_name/mri/ribbon.postT2.pass1/ribbon_inv.nii.gz,0.0659545297
CentOS5/run-1 vs CentOS7/run-1,105014,T2w/T2w_acpc_brain.nii.gz,0.0079706234
CentOS5/run-1 vs CentOS7/run-1,105014,T1w/subject_name/mri/ribbon.postT2.pass1/lh.ribbon.nii.gz,0.0470531614
CentOS5/run-1 vs CentOS7/run-1,105014,T1w/BiasFieldCorrection_sqrtT1wXT1w/SmoothNorm_s5.nii.gz,0.001
CentOS5/run-1 vs CentOS7/run-1,105014,T1w/BrainExtraction_FNIRTbased/standard2str.nii.gz,0.0057316311
CentOS5/run-1 vs CentOS7/run-1,105014,MNINonLinear/xfms/acpc_dc2standard.nii.gz,0.0019617846
CentOS5/run-1 vs CentOS7/run-1,105014,T1w/BiasFieldCorrection_sqrtT1wXT1w/T1wmulT2w.nii.gz,0.0023417493
CentOS5/run-1 vs CentOS7/run-1,105014,T1w/T1w_acpc_dc_brain.nii.gz,0.0058561988
CentOS5/run-1 vs CentOS7/run-1,105014,T2w/T2wToT1wDistortionCorrectAndReg/T2w2T1w/T2w_reg.nii.gz,0.0025322365
CentOS5/run-1 vs CentOS7/run-1,105014,T1w/ACPCAlignment/robustroi.nii.gz,0.000348119
CentOS5/run-1 vs CentOS7/run-1,105014,T1w/subject_name/mri/aseg.hires.nii.gz,0.010758729
CentOS5/run-1 vs CentOS7/run-1,105014,T1w/T1w_acpc_dc_restore.nii.gz,0.0006346434
CentOS5/run-1 vs CentOS7/run-1,105014,MNINonLinear/xfms/T1w_acpc_dc_restore_brain_to_MNILinear.nii.gz,0.0033173974
CentOS5/run-1 vs CentOS7/run-1,105014,T1w/T1w_acpc_dc.nii.gz,0.0004495702
CentOS5/run-1 vs CentOS7/run-1,105014,T1w/BrainExtraction_FNIRTbased/T1w_acpc_to_MNI_nonlin.nii.gz,0.005864649
CentOS5/run-1 vs CentOS7/run-1,105014,T1w/BiasFieldCorrection_sqrtT1wXT1w/T1wmulT2w_brain_norm_modulate.nii.gz,0.0068521228
CentOS5/run-1 vs CentOS7/run-1,105014,T1w/BiasFieldCorrection_sqrtT1wXT1w/T1wmulT2w_brain_norm_s5.nii.gz,0.0095710861
CentOS5/run-1 vs CentOS7/run-1,105014,T2w/BrainExtraction_FNIRTbased/T2w_acpc_to_MNI_roughlin.nii.gz,0.0175109712
CentOS5/run-1 vs CentOS7/run-1,105014,T1w/subject_name/mri/T1w_hires.norm.nii.gz,0.0006850059
CentOS5/run-1 vs CentOS7/run-1,105014,T1w/BrainExtraction_FNIRTbased/NonlinearIntensities.nii.gz,0.0142771516
CentOS5/run-1 vs CentOS7/run-1,105014,T2w/T2wToT1wDistortionCorrectAndReg/T2w2T1w/sqrtT1wbyT2w.nii.gz,0.0023438243
CentOS5/run-1 vs CentOS7/run-1,105014,T1w/BrainExtraction_FNIRTbased/T1w_acpc_to_MNI_roughlin.nii.gz,0.0054956706
CentOS5/run-1 vs CentOS7/run-1,105014,T2w/ACPCAlignment/acpc_final.nii.gz,0.0053320884
CentOS5/run-1 vs CentOS7/run-1,105014,T2w/T2wToT1wDistortionCorrectAndReg/FieldMap2T2w_acpc.nii.gz,0.0035937159
CentOS5/run-1 vs CentOS7/run-1,105014,T1w/subject_name/mri/ribbon.postT2.pass1/T1w_hires.norm_ribbon_myelin.nii.gz,0.006982105
CentOS5/run-1 vs CentOS7/run-1,105014,MNINonLinear/T2w_restore_brain.nii.gz,0.0084675666
CentOS5/run-1 vs CentOS7/run-1,105014,T2w/T2wToT1wDistortionCorrectAndReg/FieldMap2T1w_acpc.nii.gz,8.36191e-05
CentOS5/run-1 vs CentOS7/run-1,105014,MNINonLinear/xfms/NonlinearReg.nii.gz,0.004215287
CentOS5/run-1 vs CentOS7/run-1,105014,T2w/T2wToT1wDistortionCorrectAndReg/T2w2T1w/T2w_reg_fast_wmedge.nii.gz,0.0284077454
CentOS5/run-1 vs CentOS7/run-1,105014,T1w/subject_name/mri/ribbon.postT2.pass1/ribbon_s5.nii.gz,0.0022762557
CentOS5/run-1 vs CentOS7/run-1,105014,MNINonLinear/xfms/standard2acpc_dc.nii.gz,0.0017003031
CentOS5/run-1 vs CentOS7/run-1,105014,T2w/BrainExtraction_FNIRTbased/NonlinearRegJacobians.nii.gz,0.0089646584
CentOS5/run-1 vs CentOS7/run-1,105014,T2w/T2wToT1wDistortionCorrectAndReg/FieldMap2T1w_acpc_Warp.nii.gz,0.0
CentOS5/run-1 vs CentOS7/run-1,105014,T2w/T2wToT1wDistortionCorrectAndReg/T2w_acpc.nii.gz,0.0043589105
CentOS5/run-1 vs CentOS7/run-1,105014,MNINonLinear/T2w_restore.nii.gz,0.007760365
CentOS5/run-1 vs CentOS7/run-1,105014,T1w/subject_name/mri/ribbon.postT2.pass1/rh.ribbon.nii.gz,0.0465510472
CentOS5/run-1 vs CentOS7/run-1,105014,T1w/BrainExtraction_FNIRTbased/str2standard.nii.gz,0.0060846461
CentOS5/run-1 vs CentOS7/run-1,105014,T1w/T1w_acpc.nii.gz,0.000456692
CentOS5/run-1 vs CentOS7/run-1,105014,T1w/xfms/T1w_dc.nii.gz,0.0
CentOS5/run-1 vs CentOS7/run-1,105014,T1w/T2w_acpc_dc.nii.gz,0.0025322365
CentOS5/run-1 vs CentOS7/run-1,105014,T2w/BrainExtraction_FNIRTbased/str2standard.nii.gz,0.0154704082
CentOS5/run-1 vs CentOS7/run-1,105014,T1w/subject_name/mri/ribbon.postT2.pass1/T1w_hires.greynorm_ribbon.nii.gz,0.0009417369
CentOS5/run-1 vs CentOS7/run-1,105014,T1w/subject_name/mri/ribbon.postT2.pass1/ribbon.nii.gz,0.0659545297
CentOS5/run-1 vs CentOS7/run-1,105014,T1w/subject_name/mri/T1w_hires.nii.gz,0.0006842112
CentOS5/run-1 vs CentOS7/run-1,105014,T1w/subject_name/surf/rh.white.nii.gz,0.0181744906
CentOS5/run-1 vs CentOS7/run-1,105014,T1w/T2w_acpc_dc_restore_brain.nii.gz,0.0052386362
CentOS5/run-1 vs CentOS7/run-1,105014,T1w/BiasFieldCorrection_sqrtT1wXT1w/T1wmulT2w_brain_norm_modulate_mask.nii.gz,0.0302985148
CentOS5/run-1 vs CentOS7/run-1,105014,T1w/xfms/T2w_reg_dc.nii.gz,0.017784138
CentOS5/run-1 vs CentOS7/run-1,105014,MNINonLinear/T2w.nii.gz,0.0061321494
CentOS5/run-1 vs CentOS7/run-1,105014,T1w/T1w.nii.gz,0.0001091923
CentOS5/run-1 vs CentOS7/run-1,105014,T1w/subject_name/mri/T2w_hires.norm.nii.gz,0.003578711
CentOS5/run-1 vs CentOS7/run-1,105014,T1w/subject_name/mri/T2w_hires.nii.gz,0.0035787748
CentOS5/run-1 vs CentOS7/run-1,105014,T2w/T2wToT1wDistortionCorrectAndReg/Magnitude_warppedT2w2T2w_acpc.nii.gz,0.0106130494
CentOS5/run-1 vs CentOS7/run-1,105014,MNINonLinear/xfms/NonlinearRegJacobians.nii.gz,0.0030746924
CentOS5/run-1 vs CentOS7/run-1,105014,T1w/BrainExtraction_FNIRTbased/NonlinearRegJacobians.nii.gz,0.0073133024
CentOS5/run-1 vs CentOS7/run-1,105014,T1w/BrainExtraction_FNIRTbased/NonlinearReg.nii.gz,0.0058474363
CentOS5/run-1 vs CentOS7/run-1,105014,T2w/T2w_acpc_brain_mask.nii.gz,0.0373095162
CentOS5/run-1 vs CentOS7/run-1,105014,T1w/subject_name/surf/lh.white.nii.gz,0.0189860771
CentOS5/run-1 vs CentOS7/run-1,105014,T2w/BrainExtraction_FNIRTbased/NonlinearIntensities.nii.gz,0.0194595836
CentOS5/run-1 vs CentOS7/run-1,105014,T2w/T2wToT1wDistortionCorrectAndReg/T1w_acpc_brain.nii.gz,0.0058561988
CentOS5/run-1 vs CentOS7/run-1,105014,T1w/T2w_acpc_dc_restore.nii.gz,0.0036876902
CentOS5/run-1 vs CentOS7/run-1,105014,T1w/T1w_acpc_dc_restore_1mm.nii.gz,0.0006735131
CentOS5/run-1 vs CentOS7/run-1,105014,T2w/T2wToT1wDistortionCorrectAndReg/FieldMap2T2w_acpc_Warp.nii.gz,0.0028446345
CentOS5/run-1 vs CentOS7/run-1,105014,T1w/subject_name/mri/ribbon.postT2.pass1/dilribbon_inv.nii.gz,0.0349141805
CentOS5/run-1 vs CentOS7/run-1,105014,T1w/BiasField_acpc_dc.nii.gz,0.0041971685
CentOS5/run-1 vs CentOS7/run-1,105014,T1w/T1w_acpc_dc_restore_brain.nii.gz,0.0039769426
CentOS5/run-1 vs CentOS7/run-1,105014,T1w/BiasFieldCorrection_sqrtT1wXT1w/T1wmulT2w_brain_norm.nii.gz,0.0075250772
CentOS5/run-1 vs CentOS7/run-1,105014,T1w/T1w_acpc_dc_restore_brain_1mm.nii.gz,0.0045425735
CentOS5/run-1 vs CentOS7/run-1,105014,T1w/subject_name/mri/ribbon.postT2.pass1/T1w_hires.norm_ribbon.nii.gz,0.0271552324
CentOS5/run-1 vs CentOS7/run-1,105014,T2w/BrainExtraction_FNIRTbased/IntensityModulatedT1.nii.gz,0.0039612613
CentOS5/run-1 vs CentOS7/run-1,105014,T2w/T2wToT1wDistortionCorrectAndReg/FieldMap2T2w_acpc_ShiftMap.nii.gz,0.0034489469
CentOS5/run-1 vs CentOS7/run-1,105014,MNINonLinear/xfms/IntensityModulatedT1.nii.gz,0.0032820165
CentOS5/run-1 vs CentOS7/run-1,105014,T2w/BrainExtraction_FNIRTbased/NonlinearReg.nii.gz,0.0142367525
CentOS5/run-1 vs CentOS7/run-1,105014,T2w/T2wToT1wDistortionCorrectAndReg/T1w_acpc.nii.gz,0.0004495702
CentOS5/run-1 vs CentOS7/run-1,105014,MNINonLinear/T1w_restore.nii.gz,0.0052418116
CentOS5/run-1 vs CentOS7/run-1,105014,T2w/T2wToT1wDistortionCorrectAndReg/T2w_acpc_brain.nii.gz,0.0084953428
CentOS5/run-1 vs CentOS7/run-1,105014,T1w/subject_name/mri/T1wMulT2w_hires.nii.gz,0.0032116253
CentOS5/run-1 vs CentOS7/run-1,105014,T1w/BrainExtraction_FNIRTbased/IntensityModulatedT1.nii.gz,0.0065499853
CentOS5/run-1 vs CentOS7/run-1,105014,T1w/BiasFieldCorrection_sqrtT1wXT1w/T1wmulT2w_brain.nii.gz,0.0075279305
CentOS5/run-1 vs CentOS7/run-1,105014,MNINonLinear/T1w_restore_brain.nii.gz,0.0069939522
CentOS5/run-1 vs CentOS7/run-1,105014,T1w/T1w_acpc_brain_mask.nii.gz,0.0322024843
CentOS5/run-1 vs CentOS7/run-1,105014,T1w/subject_name/mri/T1w_hires.norm_grey_myelin.nii.gz,0.0068887432
CentOS5/run-1 vs CentOS7/run-1,105014,T2w/BrainExtraction_FNIRTbased/T2w_acpc_to_MNI_nonlin.nii.gz,0.0187728262
CentOS5/run-1 vs CentOS7/run-1,105014,T2w/BrainExtraction_FNIRTbased/standard2str.nii.gz,0.0169729846
CentOS5/run-1 vs CentOS7/run-1,105014,MNINonLinear/xfms/2mmReg.nii.gz,0.0054485117
CentOS5/run-1 vs CentOS7/run-1,105014,T2w/T2wToT1wDistortionCorrectAndReg/T2w2T1w/T2w_dc_reg.nii.gz,0.017784138
CentOS5/run-1 vs CentOS7/run-1,105014,T2w/ACPCAlignment/robustroi.nii.gz,0.0002399144
CentOS5/run-1 vs CentOS7/run-1,105216,T2w/T2wToT1wDistortionCorrectAndReg/Magnitude_warppedT1w2T1w_acpc.nii.gz,0.001879874
CentOS5/run-1 vs CentOS7/run-1,105216,T1w/T1w_acpc_brain.nii.gz,0.0067250032
CentOS5/run-1 vs CentOS7/run-1,105216,T1w/ACPCAlignment/acpc_final.nii.gz,0.0012313376
CentOS5/run-1 vs CentOS7/run-1,105216,T2w/T2w_acpc.nii.gz,0.0352412056
CentOS5/run-1 vs CentOS7/run-1,105216,T1w/subject_name/mri/T1w_hires.greynorm.nii.gz,0.0014811018
CentOS5/run-1 vs CentOS7/run-1,105216,MNINonLinear/T1w.nii.gz,0.0026054786
CentOS5/run-1 vs CentOS7/run-1,105216,T1w/BiasFieldCorrection_sqrtT1wXT1w/bias_raw.nii.gz,0.0058871482
CentOS5/run-1 vs CentOS7/run-1,105216,T1w/subject_name/mri/wm.hires.nii.gz,0.0717387932
CentOS5/run-1 vs CentOS7/run-1,105216,T1w/subject_name/mri/white.nii.gz,0.0413158565
CentOS5/run-1 vs CentOS7/run-1,105216,MNINonLinear/xfms/NonlinearIntensities.nii.gz,0.0034572245
CentOS5/run-1 vs CentOS7/run-1,105216,T2w/T2w.nii.gz,0.0003160057
CentOS5/run-1 vs CentOS7/run-1,105216,T2w/T2wToT1wDistortionCorrectAndReg/FieldMap2T1w_acpc_ShiftMap.nii.gz,0.000585765
CentOS5/run-1 vs CentOS7/run-1,105216,T1w/subject_name/mri/ribbon.postT2.pass1/ribbon_inv.nii.gz,0.0700999286
CentOS5/run-1 vs CentOS7/run-1,105216,T2w/T2w_acpc_brain.nii.gz,0.0316487184
CentOS5/run-1 vs CentOS7/run-1,105216,T1w/subject_name/mri/ribbon.postT2.pass1/lh.ribbon.nii.gz,0.050019996
CentOS5/run-1 vs CentOS7/run-1,105216,T1w/BiasFieldCorrection_sqrtT1wXT1w/SmoothNorm_s5.nii.gz,0.001
CentOS5/run-1 vs CentOS7/run-1,105216,T1w/BrainExtraction_FNIRTbased/standard2str.nii.gz,0.0189643536
CentOS5/run-1 vs CentOS7/run-1,105216,MNINonLinear/xfms/acpc_dc2standard.nii.gz,0.0026761108
CentOS5/run-1 vs CentOS7/run-1,105216,T1w/BiasFieldCorrection_sqrtT1wXT1w/T1wmulT2w.nii.gz,0.0062131543
CentOS5/run-1 vs CentOS7/run-1,105216,T1w/T1w_acpc_dc_brain.nii.gz,0.0070335463
CentOS5/run-1 vs CentOS7/run-1,105216,T2w/T2wToT1wDistortionCorrectAndReg/T2w2T1w/T2w_reg.nii.gz,0.0050516425
CentOS5/run-1 vs CentOS7/run-1,105216,T1w/ACPCAlignment/robustroi.nii.gz,0.0001664277
CentOS5/run-1 vs CentOS7/run-1,105216,T1w/subject_name/mri/aseg.hires.nii.gz,0.0095860721
CentOS5/run-1 vs CentOS7/run-1,105216,T1w/T1w_acpc_dc_restore.nii.gz,0.001248826
CentOS5/run-1 vs CentOS7/run-1,105216,MNINonLinear/xfms/T1w_acpc_dc_restore_brain_to_MNILinear.nii.gz,0.0031407266
CentOS5/run-1 vs CentOS7/run-1,105216,T1w/T1w_acpc_dc.nii.gz,0.0009342184
CentOS5/run-1 vs CentOS7/run-1,105216,T1w/BrainExtraction_FNIRTbased/T1w_acpc_to_MNI_nonlin.nii.gz,0.0101690893
CentOS5/run-1 vs CentOS7/run-1,105216,T1w/BiasFieldCorrection_sqrtT1wXT1w/T1wmulT2w_brain_norm_modulate.nii.gz,0.0087901906
CentOS5/run-1 vs CentOS7/run-1,105216,T1w/BiasFieldCorrection_sqrtT1wXT1w/T1wmulT2w_brain_norm_s5.nii.gz,0.0089310505
CentOS5/run-1 vs CentOS7/run-1,105216,T2w/BrainExtraction_FNIRTbased/T2w_acpc_to_MNI_roughlin.nii.gz,0.0338331185
CentOS5/run-1 vs CentOS7/run-1,105216,T1w/subject_name/mri/T1w_hires.norm.nii.gz,0.0013573073
CentOS5/run-1 vs CentOS7/run-1,105216,T1w/BrainExtraction_FNIRTbased/NonlinearIntensities.nii.gz,0.0009655515
CentOS5/run-1 vs CentOS7/run-1,105216,T2w/T2wToT1wDistortionCorrectAndReg/T2w2T1w/sqrtT1wbyT2w.nii.gz,0.0062289806
CentOS5/run-1 vs CentOS7/run-1,105216,T1w/BrainExtraction_FNIRTbased/T1w_acpc_to_MNI_roughlin.nii.gz,0.0229932308
CentOS5/run-1 vs CentOS7/run-1,105216,T2w/ACPCAlignment/acpc_final.nii.gz,0.0368689186
CentOS5/run-1 vs CentOS7/run-1,105216,T2w/T2wToT1wDistortionCorrectAndReg/FieldMap2T2w_acpc.nii.gz,0.0071224572
CentOS5/run-1 vs CentOS7/run-1,105216,T1w/subject_name/mri/ribbon.postT2.pass1/T1w_hires.norm_ribbon_myelin.nii.gz,0.0077791235
CentOS5/run-1 vs CentOS7/run-1,105216,MNINonLinear/T2w_restore_brain.nii.gz,0.0093696576
CentOS5/run-1 vs CentOS7/run-1,105216,T2w/T2wToT1wDistortionCorrectAndReg/FieldMap2T1w_acpc.nii.gz,0.0003899203
CentOS5/run-1 vs CentOS7/run-1,105216,MNINonLinear/xfms/NonlinearReg.nii.gz,0.002449814
CentOS5/run-1 vs CentOS7/run-1,105216,T2w/T2wToT1wDistortionCorrectAndReg/T2w2T1w/T2w_reg_fast_wmedge.nii.gz,0.0451331363
CentOS5/run-1 vs CentOS7/run-1,105216,T1w/subject_name/mri/ribbon.postT2.pass1/ribbon_s5.nii.gz,0.0026116718
CentOS5/run-1 vs CentOS7/run-1,105216,MNINonLinear/xfms/standard2acpc_dc.nii.gz,0.0024224003
CentOS5/run-1 vs CentOS7/run-1,105216,T2w/BrainExtraction_FNIRTbased/NonlinearRegJacobians.nii.gz,0.0096943985
CentOS5/run-1 vs CentOS7/run-1,105216,T2w/T2wToT1wDistortionCorrectAndReg/FieldMap2T1w_acpc_Warp.nii.gz,0.0
CentOS5/run-1 vs CentOS7/run-1,105216,T2w/T2wToT1wDistortionCorrectAndReg/T2w_acpc.nii.gz,0.0351902839
CentOS5/run-1 vs CentOS7/run-1,105216,MNINonLinear/T2w_restore.nii.gz,0.0076346099
CentOS5/run-1 vs CentOS7/run-1,105216,T1w/subject_name/mri/ribbon.postT2.pass1/rh.ribbon.nii.gz,0.049457052
CentOS5/run-1 vs CentOS7/run-1,105216,T1w/BrainExtraction_FNIRTbased/str2standard.nii.gz,0.0176975243
CentOS5/run-1 vs CentOS7/run-1,105216,T1w/T1w_acpc.nii.gz,0.001014132
CentOS5/run-1 vs CentOS7/run-1,105216,T1w/xfms/T1w_dc.nii.gz,0.0
CentOS5/run-1 vs CentOS7/run-1,105216,T1w/T2w_acpc_dc.nii.gz,0.0050516425
CentOS5/run-1 vs CentOS7/run-1,105216,T2w/BrainExtraction_FNIRTbased/str2standard.nii.gz,0.0313120149
CentOS5/run-1 vs CentOS7/run-1,105216,T1w/subject_name/mri/ribbon.postT2.pass1/T1w_hires.greynorm_ribbon.nii.gz,0.0015294627
CentOS5/run-1 vs CentOS7/run-1,105216,T1w/subject_name/mri/ribbon.postT2.pass1/ribbon.nii.gz,0.0700999286
CentOS5/run-1 vs CentOS7/run-1,105216,T1w/subject_name/mri/T1w_hires.nii.gz,0.0013456399
CentOS5/run-1 vs CentOS7/run-1,105216,T1w/subject_name/surf/rh.white.nii.gz,0.0196703892
CentOS5/run-1 vs CentOS7/run-1,105216,T1w/T2w_acpc_dc_restore_brain.nii.gz,0.0064811722
CentOS5/run-1 vs CentOS7/run-1,105216,T1w/BiasFieldCorrection_sqrtT1wXT1w/T1wmulT2w_brain_norm_modulate_mask.nii.gz,0.0656886595
CentOS5/run-1 vs CentOS7/run-1,105216,T1w/xfms/T2w_reg_dc.nii.gz,0.1618996339
CentOS5/run-1 vs CentOS7/run-1,105216,MNINonLinear/T2w.nii.gz,0.0057548247
CentOS5/run-1 vs CentOS7/run-1,105216,T1w/T1w.nii.gz,0.0001052552
CentOS5/run-1 vs CentOS7/run-1,105216,T1w/subject_name/mri/T2w_hires.norm.nii.gz,0.0085594376
CentOS5/run-1 vs CentOS7/run-1,105216,T1w/subject_name/mri/T2w_hires.nii.gz,0.0085695363
CentOS5/run-1 vs CentOS7/run-1,105216,T2w/T2wToT1wDistortionCorrectAndReg/Magnitude_warppedT2w2T2w_acpc.nii.gz,0.0132069199
CentOS5/run-1 vs CentOS7/run-1,105216,MNINonLinear/xfms/NonlinearRegJacobians.nii.gz,0.0025104754
CentOS5/run-1 vs CentOS7/run-1,105216,T1w/BrainExtraction_FNIRTbased/NonlinearRegJacobians.nii.gz,0.002506564
CentOS5/run-1 vs CentOS7/run-1,105216,T1w/BrainExtraction_FNIRTbased/NonlinearReg.nii.gz,0.0098859736
CentOS5/run-1 vs CentOS7/run-1,105216,T2w/T2w_acpc_brain_mask.nii.gz,0.0702993598
CentOS5/run-1 vs CentOS7/run-1,105216,T1w/subject_name/surf/lh.white.nii.gz,0.0191508127
CentOS5/run-1 vs CentOS7/run-1,105216,T2w/BrainExtraction_FNIRTbased/NonlinearIntensities.nii.gz,0.0149996125
CentOS5/run-1 vs CentOS7/run-1,105216,T2w/T2wToT1wDistortionCorrectAndReg/T1w_acpc_brain.nii.gz,0.0070335463
CentOS5/run-1 vs CentOS7/run-1,105216,T1w/T2w_acpc_dc_restore.nii.gz,0.0091989953
CentOS5/run-1 vs CentOS7/run-1,105216,T1w/T1w_acpc_dc_restore_1mm.nii.gz,0.0014780851
CentOS5/run-1 vs CentOS7/run-1,105216,T2w/T2wToT1wDistortionCorrectAndReg/FieldMap2T2w_acpc_Warp.nii.gz,0.0042813956
CentOS5/run-1 vs CentOS7/run-1,105216,T1w/subject_name/mri/ribbon.postT2.pass1/dilribbon_inv.nii.gz,0.0382622529
CentOS5/run-1 vs CentOS7/run-1,105216,T1w/BiasField_acpc_dc.nii.gz,0.005124803
CentOS5/run-1 vs CentOS7/run-1,105216,T1w/T1w_acpc_dc_restore_brain.nii.gz,0.0047095876
CentOS5/run-1 vs CentOS7/run-1,105216,T1w/BiasFieldCorrection_sqrtT1wXT1w/T1wmulT2w_brain_norm.nii.gz,0.0072284993
CentOS5/run-1 vs CentOS7/run-1,105216,T1w/T1w_acpc_dc_restore_brain_1mm.nii.gz,0.0048106733
CentOS5/run-1 vs CentOS7/run-1,105216,T1w/subject_name/mri/ribbon.postT2.pass1/T1w_hires.norm_ribbon.nii.gz,0.0334519165
CentOS5/run-1 vs CentOS7/run-1,105216,T2w/BrainExtraction_FNIRTbased/IntensityModulatedT1.nii.gz,0.0061443308
CentOS5/run-1 vs CentOS7/run-1,105216,T2w/T2wToT1wDistortionCorrectAndReg/FieldMap2T2w_acpc_ShiftMap.nii.gz,0.0070285043
CentOS5/run-1 vs CentOS7/run-1,105216,MNINonLinear/xfms/IntensityModulatedT1.nii.gz,0.0017225132
CentOS5/run-1 vs CentOS7/run-1,105216,T2w/BrainExtraction_FNIRTbased/NonlinearReg.nii.gz,0.0176903474
CentOS5/run-1 vs CentOS7/run-1,105216,T2w/T2wToT1wDistortionCorrectAndReg/T1w_acpc.nii.gz,0.0009342184
CentOS5/run-1 vs CentOS7/run-1,105216,MNINonLinear/T1w_restore.nii.gz,0.0026026597
CentOS5/run-1 vs CentOS7/run-1,105216,T2w/T2wToT1wDistortionCorrectAndReg/T2w_acpc_brain.nii.gz,0.0341886636
CentOS5/run-1 vs CentOS7/run-1,105216,T1w/subject_name/mri/T1wMulT2w_hires.nii.gz,0.0079385642
CentOS5/run-1 vs CentOS7/run-1,105216,T1w/BrainExtraction_FNIRTbased/IntensityModulatedT1.nii.gz,0.0008878021
CentOS5/run-1 vs CentOS7/run-1,105216,T1w/BiasFieldCorrection_sqrtT1wXT1w/T1wmulT2w_brain.nii.gz,0.0072315561
CentOS5/run-1 vs CentOS7/run-1,105216,MNINonLinear/T1w_restore_brain.nii.gz,0.0066125901
CentOS5/run-1 vs CentOS7/run-1,105216,T1w/T1w_acpc_brain_mask.nii.gz,0.0299666481
CentOS5/run-1 vs CentOS7/run-1,105216,T1w/subject_name/mri/T1w_hires.norm_grey_myelin.nii.gz,0.0072842261
CentOS5/run-1 vs CentOS7/run-1,105216,T2w/BrainExtraction_FNIRTbased/T2w_acpc_to_MNI_nonlin.nii.gz,0.0163602349
CentOS5/run-1 vs CentOS7/run-1,105216,T2w/BrainExtraction_FNIRTbased/standard2str.nii.gz,0.0310065913
CentOS5/run-1 vs CentOS7/run-1,105216,MNINonLinear/xfms/2mmReg.nii.gz,0.0029683957
CentOS5/run-1 vs CentOS7/run-1,105216,T2w/T2wToT1wDistortionCorrectAndReg/T2w2T1w/T2w_dc_reg.nii.gz,0.1618996339
CentOS5/run-1 vs CentOS7/run-1,105216,T2w/ACPCAlignment/robustroi.nii.gz,0.0011108501
CentOS5/run-1 vs CentOS6/run-1,101410,T1w/subject_name/mri/ribbon.postT2.pass1/rh.ribbon.nii.gz,0.0535817132
CentOS5/run-1 vs CentOS6/run-1,101410,MNINonLinear/T1w.nii.gz,0.0038289055
CentOS5/run-1 vs CentOS6/run-1,101410,T1w/T2w_acpc_dc_restore.nii.gz,0.002467867
CentOS5/run-1 vs CentOS6/run-1,101410,T1w/T1w_acpc_dc_restore.nii.gz,0.0003579054
CentOS5/run-1 vs CentOS6/run-1,101410,T1w/T1w_acpc_dc_restore_1mm.nii.gz,0.0004609406
CentOS5/run-1 vs CentOS6/run-1,101410,MNINonLinear/xfms/T1w_acpc_dc_restore_brain_to_MNILinear.nii.gz,0.0005764802
CentOS5/run-1 vs CentOS6/run-1,101410,T1w/subject_name/mri/T1w_hires.greynorm.nii.gz,0.0005574013
CentOS5/run-1 vs CentOS6/run-1,101410,T1w/subject_name/mri/ribbon.postT2.pass1/dilribbon_inv.nii.gz,0.0402616442
CentOS5/run-1 vs CentOS6/run-1,101410,T1w/T2w_acpc_dc.nii.gz,0.0024919476
CentOS5/run-1 vs CentOS6/run-1,101410,T1w/BiasFieldCorrection_sqrtT1wXT1w/T1wmulT2w_brain_norm_modulate.nii.gz,0.001791295
CentOS5/run-1 vs CentOS6/run-1,101410,T1w/BiasFieldCorrection_sqrtT1wXT1w/T1wmulT2w_brain_norm_s5.nii.gz,0.0013106792
CentOS5/run-1 vs CentOS6/run-1,101410,T1w/BiasFieldCorrection_sqrtT1wXT1w/bias_raw.nii.gz,0.0048971581
CentOS5/run-1 vs CentOS6/run-1,101410,T1w/BiasField_acpc_dc.nii.gz,0.0037280323
CentOS5/run-1 vs CentOS6/run-1,101410,T1w/subject_name/mri/wm.hires.nii.gz,0.0708645541
CentOS5/run-1 vs CentOS6/run-1,101410,T1w/subject_name/mri/white.nii.gz,0.0456727489
CentOS5/run-1 vs CentOS6/run-1,101410,T1w/subject_name/mri/ribbon.postT2.pass1/ribbon.nii.gz,0.0753325958
CentOS5/run-1 vs CentOS6/run-1,101410,MNINonLinear/xfms/NonlinearIntensities.nii.gz,0.0116064331
CentOS5/run-1 vs CentOS6/run-1,101410,T1w/T1w_acpc_dc_restore_brain.nii.gz,0.0002046458
CentOS5/run-1 vs CentOS6/run-1,101410,T1w/subject_name/mri/T1w_hires.nii.gz,0.0003803619
CentOS5/run-1 vs CentOS6/run-1,101410,T1w/T1w_acpc_dc_restore_brain_1mm.nii.gz,0.0002058893
CentOS5/run-1 vs CentOS6/run-1,101410,T1w/subject_name/mri/ribbon.postT2.pass1/T1w_hires.norm_ribbon.nii.gz,0.0376037368
CentOS5/run-1 vs CentOS6/run-1,101410,T1w/subject_name/mri/ribbon.postT2.pass1/ribbon_inv.nii.gz,0.0753325958
CentOS5/run-1 vs CentOS6/run-1,101410,T1w/subject_name/surf/rh.white.nii.gz,0.0252779924
CentOS5/run-1 vs CentOS6/run-1,101410,T1w/subject_name/mri/ribbon.postT2.pass1/T1w_hires.norm_ribbon_myelin.nii.gz,0.0083442368
CentOS5/run-1 vs CentOS6/run-1,101410,T1w/subject_name/mri/T1w_hires.norm.nii.gz,0.0003793286
CentOS5/run-1 vs CentOS6/run-1,101410,T1w/subject_name/mri/ribbon.postT2.pass1/lh.ribbon.nii.gz,0.0531695401
CentOS5/run-1 vs CentOS6/run-1,101410,T1w/T2w_acpc_dc_restore_brain.nii.gz,0.0027030157
CentOS5/run-1 vs CentOS6/run-1,101410,T1w/BiasFieldCorrection_sqrtT1wXT1w/T1wmulT2w.nii.gz,0.0021855281
CentOS5/run-1 vs CentOS6/run-1,101410,T1w/BiasFieldCorrection_sqrtT1wXT1w/T1wmulT2w_brain_norm_modulate_mask.nii.gz,0.0582666285
CentOS5/run-1 vs CentOS6/run-1,101410,T1w/BiasFieldCorrection_sqrtT1wXT1w/SmoothNorm_s5.nii.gz,0.0
CentOS5/run-1 vs CentOS6/run-1,101410,MNINonLinear/xfms/IntensityModulatedT1.nii.gz,0.0035695205
CentOS5/run-1 vs CentOS6/run-1,101410,MNINonLinear/xfms/NonlinearReg.nii.gz,0.0030970529
CentOS5/run-1 vs CentOS6/run-1,101410,T1w/xfms/T2w_reg_dc.nii.gz,0.0125648389
CentOS5/run-1 vs CentOS6/run-1,101410,MNINonLinear/T2w.nii.gz,0.0059690759
CentOS5/run-1 vs CentOS6/run-1,101410,MNINonLinear/T1w_restore.nii.gz,0.0025650666
CentOS5/run-1 vs CentOS6/run-1,101410,T1w/subject_name/mri/T2w_hires.norm.nii.gz,0.0015482476
CentOS5/run-1 vs CentOS6/run-1,101410,T1w/subject_name/mri/T2w_hires.nii.gz,0.0015397895
CentOS5/run-1 vs CentOS6/run-1,101410,MNINonLinear/xfms/acpc_dc2standard.nii.gz,0.0021438537
CentOS5/run-1 vs CentOS6/run-1,101410,MNINonLinear/T2w_restore_brain.nii.gz,0.0076237107
CentOS5/run-1 vs CentOS6/run-1,101410,T1w/BiasFieldCorrection_sqrtT1wXT1w/T1wmulT2w_brain.nii.gz,0.0019451333
CentOS5/run-1 vs CentOS6/run-1,101410,T2w/T2wToT1wDistortionCorrectAndReg/T2w2T1w/T2w_reg_fast_wmedge.nii.gz,0.002
CentOS5/run-1 vs CentOS6/run-1,101410,T1w/subject_name/mri/ribbon.postT2.pass1/ribbon_s5.nii.gz,0.0048076067
CentOS5/run-1 vs CentOS6/run-1,101410,MNINonLinear/xfms/NonlinearRegJacobians.nii.gz,0.0030371111
CentOS5/run-1 vs CentOS6/run-1,101410,MNINonLinear/xfms/standard2acpc_dc.nii.gz,0.0019984771
CentOS5/run-1 vs CentOS6/run-1,101410,T1w/subject_name/mri/T1wMulT2w_hires.nii.gz,0.0009852952
CentOS5/run-1 vs CentOS6/run-1,101410,MNINonLinear/T1w_restore_brain.nii.gz,0.0053581274
CentOS5/run-1 vs CentOS6/run-1,101410,T1w/subject_name/mri/T1w_hires.norm_grey_myelin.nii.gz,0.0091250431
CentOS5/run-1 vs CentOS6/run-1,101410,T2w/T2wToT1wDistortionCorrectAndReg/T2w2T1w/T2w_reg.nii.gz,0.0024919476
CentOS5/run-1 vs CentOS6/run-1,101410,T1w/BiasFieldCorrection_sqrtT1wXT1w/T1wmulT2w_brain_norm.nii.gz,0.0019494684
CentOS5/run-1 vs CentOS6/run-1,101410,T1w/subject_name/surf/lh.white.nii.gz,0.0243140372
CentOS5/run-1 vs CentOS6/run-1,101410,T2w/T2wToT1wDistortionCorrectAndReg/T2w2T1w/sqrtT1wbyT2w.nii.gz,0.0021750239
CentOS5/run-1 vs CentOS6/run-1,101410,MNINonLinear/xfms/2mmReg.nii.gz,0.0030098658
CentOS5/run-1 vs CentOS6/run-1,101410,T1w/subject_name/mri/aseg.hires.nii.gz,0.0109389568
CentOS5/run-1 vs CentOS6/run-1,101410,T2w/T2wToT1wDistortionCorrectAndReg/T2w2T1w/T2w_dc_reg.nii.gz,0.0125648389
CentOS5/run-1 vs CentOS6/run-1,101410,T1w/subject_name/mri/ribbon.postT2.pass1/T1w_hires.greynorm_ribbon.nii.gz,0.0005963806
CentOS5/run-1 vs CentOS6/run-1,101410,MNINonLinear/T2w_restore.nii.gz,0.0075093041
CentOS5/run-1 vs CentOS6/run-1,102311,T1w/subject_name/mri/ribbon.postT2.pass1/rh.ribbon.nii.gz,0.0519133894
CentOS5/run-1 vs CentOS6/run-1,102311,MNINonLinear/T1w.nii.gz,0.0035667981
CentOS5/run-1 vs CentOS6/run-1,102311,T1w/T2w_acpc_dc_restore.nii.gz,0.0018856622
CentOS5/run-1 vs CentOS6/run-1,102311,T1w/T1w_acpc_dc_restore.nii.gz,0.0002680946
CentOS5/run-1 vs CentOS6/run-1,102311,T1w/T1w_acpc_dc_restore_1mm.nii.gz,0.0002960627
CentOS5/run-1 vs CentOS6/run-1,102311,MNINonLinear/xfms/T1w_acpc_dc_restore_brain_to_MNILinear.nii.gz,0.0011067617
CentOS5/run-1 vs CentOS6/run-1,102311,T1w/subject_name/mri/T1w_hires.greynorm.nii.gz,0.0006777252
CentOS5/run-1 vs CentOS6/run-1,102311,T1w/subject_name/mri/ribbon.postT2.pass1/dilribbon_inv.nii.gz,0.042011903
CentOS5/run-1 vs CentOS6/run-1,102311,T1w/T2w_acpc_dc.nii.gz,0.0011681989
CentOS5/run-1 vs CentOS6/run-1,102311,T1w/BiasFieldCorrection_sqrtT1wXT1w/T1wmulT2w_brain_norm_modulate.nii.gz,0.0011291524
CentOS5/run-1 vs CentOS6/run-1,102311,T1w/BiasFieldCorrection_sqrtT1wXT1w/T1wmulT2w_brain_norm_s5.nii.gz,0.0008425515
CentOS5/run-1 vs CentOS6/run-1,102311,T1w/BiasFieldCorrection_sqrtT1wXT1w/bias_raw.nii.gz,0.0027787999
CentOS5/run-1 vs CentOS6/run-1,102311,T1w/BiasField_acpc_dc.nii.gz,0.0022450839
CentOS5/run-1 vs CentOS6/run-1,102311,T1w/subject_name/mri/wm.hires.nii.gz,0.0672932916
CentOS5/run-1 vs CentOS6/run-1,102311,T1w/subject_name/mri/white.nii.gz,0.0439203825
CentOS5/run-1 vs CentOS6/run-1,102311,T1w/subject_name/mri/ribbon.postT2.pass1/ribbon.nii.gz,0.0733689307
CentOS5/run-1 vs CentOS6/run-1,102311,MNINonLinear/xfms/NonlinearIntensities.nii.gz,0.0055250282
CentOS5/run-1 vs CentOS6/run-1,102311,T1w/T1w_acpc_dc_restore_brain.nii.gz,8.97394e-05
CentOS5/run-1 vs CentOS6/run-1,102311,T1w/subject_name/mri/T1w_hires.nii.gz,0.0002902868
CentOS5/run-1 vs CentOS6/run-1,102311,T1w/T1w_acpc_dc_restore_brain_1mm.nii.gz,9.99099e-05
CentOS5/run-1 vs CentOS6/run-1,102311,T1w/subject_name/mri/ribbon.postT2.pass1/T1w_hires.norm_ribbon.nii.gz,0.0261386303
CentOS5/run-1 vs CentOS6/run-1,102311,T1w/subject_name/mri/ribbon.postT2.pass1/ribbon_inv.nii.gz,0.0733689307
CentOS5/run-1 vs CentOS6/run-1,102311,T1w/subject_name/surf/rh.white.nii.gz,0.0238240535
CentOS5/run-1 vs CentOS6/run-1,102311,T1w/subject_name/mri/ribbon.postT2.pass1/T1w_hires.norm_ribbon_myelin.nii.gz,0.0074435339
CentOS5/run-1 vs CentOS6/run-1,102311,T1w/subject_name/mri/T1w_hires.norm.nii.gz,0.0003280839
CentOS5/run-1 vs CentOS6/run-1,102311,T1w/subject_name/mri/ribbon.postT2.pass1/lh.ribbon.nii.gz,0.0522111099
CentOS5/run-1 vs CentOS6/run-1,102311,T1w/T2w_acpc_dc_restore_brain.nii.gz,0.0013527677
CentOS5/run-1 vs CentOS6/run-1,102311,T1w/BiasFieldCorrection_sqrtT1wXT1w/T1wmulT2w.nii.gz,0.0012060612
CentOS5/run-1 vs CentOS6/run-1,102311,T1w/BiasFieldCorrection_sqrtT1wXT1w/T1wmulT2w_brain_norm_modulate_mask.nii.gz,0.0357631094
CentOS5/run-1 vs CentOS6/run-1,102311,T1w/BiasFieldCorrection_sqrtT1wXT1w/SmoothNorm_s5.nii.gz,0.0
CentOS5/run-1 vs CentOS6/run-1,102311,MNINonLinear/xfms/IntensityModulatedT1.nii.gz,0.0025780224
CentOS5/run-1 vs CentOS6/run-1,102311,MNINonLinear/xfms/NonlinearReg.nii.gz,0.0031151639
CentOS5/run-1 vs CentOS6/run-1,102311,T1w/xfms/T2w_reg_dc.nii.gz,0.0042787835
CentOS5/run-1 vs CentOS6/run-1,102311,MNINonLinear/T2w.nii.gz,0.0035952183
CentOS5/run-1 vs CentOS6/run-1,102311,MNINonLinear/T1w_restore.nii.gz,0.0034299223
CentOS5/run-1 vs CentOS6/run-1,102311,T1w/subject_name/mri/T2w_hires.norm.nii.gz,0.0020981627
CentOS5/run-1 vs CentOS6/run-1,102311,T1w/subject_name/mri/T2w_hires.nii.gz,0.0020964836
CentOS5/run-1 vs CentOS6/run-1,102311,MNINonLinear/xfms/acpc_dc2standard.nii.gz,0.0014160408
CentOS5/run-1 vs CentOS6/run-1,102311,MNINonLinear/T2w_restore_brain.nii.gz,0.0058345173
CentOS5/run-1 vs CentOS6/run-1,102311,T1w/BiasFieldCorrection_sqrtT1wXT1w/T1wmulT2w_brain.nii.gz,0.0008922488
CentOS5/run-1 vs CentOS6/run-1,102311,T2w/T2wToT1wDistortionCorrectAndReg/T2w2T1w/T2w_reg_fast_wmedge.nii.gz,0.0022360679
CentOS5/run-1 vs CentOS6/run-1,102311,T1w/subject_name/mri/ribbon.postT2.pass1/ribbon_s5.nii.gz,0.0055564163
CentOS5/run-1 vs CentOS6/run-1,102311,MNINonLinear/xfms/NonlinearRegJacobians.nii.gz,0.0033361675
CentOS5/run-1 vs CentOS6/run-1,102311,MNINonLinear/xfms/standard2acpc_dc.nii.gz,0.0013053917
CentOS5/run-1 vs CentOS6/run-1,102311,T1w/subject_name/mri/T1wMulT2w_hires.nii.gz,0.001756546
CentOS5/run-1 vs CentOS6/run-1,102311,MNINonLinear/T1w_restore_brain.nii.gz,0.0039647494
CentOS5/run-1 vs CentOS6/run-1,102311,T1w/subject_name/mri/T1w_hires.norm_grey_myelin.nii.gz,0.0085462537
CentOS5/run-1 vs CentOS6/run-1,102311,T2w/T2wToT1wDistortionCorrectAndReg/T2w2T1w/T2w_reg.nii.gz,0.0011681989
CentOS5/run-1 vs CentOS6/run-1,102311,T1w/BiasFieldCorrection_sqrtT1wXT1w/T1wmulT2w_brain_norm.nii.gz,0.0008778545
CentOS5/run-1 vs CentOS6/run-1,102311,T1w/subject_name/surf/lh.white.nii.gz,0.0272491383
CentOS5/run-1 vs CentOS6/run-1,102311,T2w/T2wToT1wDistortionCorrectAndReg/T2w2T1w/sqrtT1wbyT2w.nii.gz,0.0011948921
CentOS5/run-1 vs CentOS6/run-1,102311,MNINonLinear/xfms/2mmReg.nii.gz,0.0036422912
CentOS5/run-1 vs CentOS6/run-1,102311,T1w/subject_name/mri/aseg.hires.nii.gz,0.0091297857
CentOS5/run-1 vs CentOS6/run-1,102311,T2w/T2wToT1wDistortionCorrectAndReg/T2w2T1w/T2w_dc_reg.nii.gz,0.0042787835
CentOS5/run-1 vs CentOS6/run-1,102311,T1w/subject_name/mri/ribbon.postT2.pass1/T1w_hires.greynorm_ribbon.nii.gz,0.0007796555
CentOS5/run-1 vs CentOS6/run-1,102311,MNINonLinear/T2w_restore.nii.gz,0.0056252134
CentOS5/run-1 vs CentOS6/run-1,105014,T1w/subject_name/mri/ribbon.postT2.pass1/rh.ribbon.nii.gz,0.0468934963
CentOS5/run-1 vs CentOS6/run-1,105014,MNINonLinear/T1w.nii.gz,0.0070064927
CentOS5/run-1 vs CentOS6/run-1,105014,T1w/T2w_acpc_dc_restore.nii.gz,0.0015103503
CentOS5/run-1 vs CentOS6/run-1,105014,T1w/T1w_acpc_dc_restore.nii.gz,0.0005678786
CentOS5/run-1 vs CentOS6/run-1,105014,T1w/T1w_acpc_dc_restore_1mm.nii.gz,0.0006165015
CentOS5/run-1 vs CentOS6/run-1,105014,MNINonLinear/xfms/T1w_acpc_dc_restore_brain_to_MNILinear.nii.gz,0.0007906581
CentOS5/run-1 vs CentOS6/run-1,105014,T1w/subject_name/mri/T1w_hires.greynorm.nii.gz,0.0008285241
CentOS5/run-1 vs CentOS6/run-1,105014,T1w/subject_name/mri/ribbon.postT2.pass1/dilribbon_inv.nii.gz,0.0348281495
CentOS5/run-1 vs CentOS6/run-1,105014,T1w/T2w_acpc_dc.nii.gz,0.0009546322
CentOS5/run-1 vs CentOS6/run-1,105014,T1w/BiasFieldCorrection_sqrtT1wXT1w/T1wmulT2w_brain_norm_modulate.nii.gz,0.000667904
CentOS5/run-1 vs CentOS6/run-1,105014,T1w/BiasFieldCorrection_sqrtT1wXT1w/T1wmulT2w_brain_norm_s5.nii.gz,0.0004141814
CentOS5/run-1 vs CentOS6/run-1,105014,T1w/BiasFieldCorrection_sqrtT1wXT1w/bias_raw.nii.gz,0.002895135
CentOS5/run-1 vs CentOS6/run-1,105014,T1w/BiasField_acpc_dc.nii.gz,0.0023462885
CentOS5/run-1 vs CentOS6/run-1,105014,T1w/subject_name/mri/wm.hires.nii.gz,0.0639201794
CentOS5/run-1 vs CentOS6/run-1,105014,T1w/subject_name/mri/white.nii.gz,0.0390128184
CentOS5/run-1 vs CentOS6/run-1,105014,T1w/subject_name/mri/ribbon.postT2.pass1/ribbon.nii.gz,0.0654904573
CentOS5/run-1 vs CentOS6/run-1,105014,MNINonLinear/xfms/NonlinearIntensities.nii.gz,0.005615106
CentOS5/run-1 vs CentOS6/run-1,105014,T1w/T1w_acpc_dc_restore_brain.nii.gz,8.834e-05
CentOS5/run-1 vs CentOS6/run-1,105014,T1w/subject_name/mri/T1w_hires.nii.gz,0.0006125748
CentOS5/run-1 vs CentOS6/run-1,105014,T1w/T1w_acpc_dc_restore_brain_1mm.nii.gz,9.94087e-05
CentOS5/run-1 vs CentOS6/run-1,105014,T1w/subject_name/mri/ribbon.postT2.pass1/T1w_hires.norm_ribbon.nii.gz,0.0269182715
CentOS5/run-1 vs CentOS6/run-1,105014,T1w/subject_name/mri/ribbon.postT2.pass1/ribbon_inv.nii.gz,0.0654904573
CentOS5/run-1 vs CentOS6/run-1,105014,T1w/subject_name/surf/rh.white.nii.gz,0.0190859773
CentOS5/run-1 vs CentOS6/run-1,105014,T1w/subject_name/mri/ribbon.postT2.pass1/T1w_hires.norm_ribbon_myelin.nii.gz,0.0066848564
CentOS5/run-1 vs CentOS6/run-1,105014,T1w/subject_name/mri/T1w_hires.norm.nii.gz,0.0006145322
CentOS5/run-1 vs CentOS6/run-1,105014,T1w/subject_name/mri/ribbon.postT2.pass1/lh.ribbon.nii.gz,0.0460434577
CentOS5/run-1 vs CentOS6/run-1,105014,T1w/T2w_acpc_dc_restore_brain.nii.gz,0.0007946296
CentOS5/run-1 vs CentOS6/run-1,105014,T1w/BiasFieldCorrection_sqrtT1wXT1w/T1wmulT2w.nii.gz,0.0008114545
CentOS5/run-1 vs CentOS6/run-1,105014,T1w/BiasFieldCorrection_sqrtT1wXT1w/T1wmulT2w_brain_norm_modulate_mask.nii.gz,0.0189208879
CentOS5/run-1 vs CentOS6/run-1,105014,MNINonLinear/xfms/IntensityModulatedT1.nii.gz,0.0030873991
CentOS5/run-1 vs CentOS6/run-1,105014,MNINonLinear/xfms/NonlinearReg.nii.gz,0.0049072416
CentOS5/run-1 vs CentOS6/run-1,105014,T1w/xfms/T2w_reg_dc.nii.gz,0.0019373399
CentOS5/run-1 vs CentOS6/run-1,105014,MNINonLinear/T2w.nii.gz,0.0081162241
CentOS5/run-1 vs CentOS6/run-1,105014,MNINonLinear/T1w_restore.nii.gz,0.0062685904
CentOS5/run-1 vs CentOS6/run-1,105014,T1w/subject_name/mri/T2w_hires.norm.nii.gz,0.0016602085
CentOS5/run-1 vs CentOS6/run-1,105014,T1w/subject_name/mri/T2w_hires.nii.gz,0.0016621517
CentOS5/run-1 vs CentOS6/run-1,105014,MNINonLinear/xfms/acpc_dc2standard.nii.gz,0.0024165948
CentOS5/run-1 vs CentOS6/run-1,105014,MNINonLinear/T2w_restore_brain.nii.gz,0.0082031481
CentOS5/run-1 vs CentOS6/run-1,105014,T1w/BiasFieldCorrection_sqrtT1wXT1w/T1wmulT2w_brain.nii.gz,0.0006746776
CentOS5/run-1 vs CentOS6/run-1,105014,T2w/T2wToT1wDistortionCorrectAndReg/T2w2T1w/T2w_reg_fast_wmedge.nii.gz,0.002
CentOS5/run-1 vs CentOS6/run-1,105014,T1w/subject_name/mri/ribbon.postT2.pass1/ribbon_s5.nii.gz,0.0022762557
CentOS5/run-1 vs CentOS6/run-1,105014,MNINonLinear/xfms/NonlinearRegJacobians.nii.gz,0.003939798
CentOS5/run-1 vs CentOS6/run-1,105014,MNINonLinear/xfms/standard2acpc_dc.nii.gz,0.002063783
CentOS5/run-1 vs CentOS6/run-1,105014,T1w/subject_name/mri/T1wMulT2w_hires.nii.gz,0.0016147068
CentOS5/run-1 vs CentOS6/run-1,105014,MNINonLinear/T1w_restore_brain.nii.gz,0.0062323111
CentOS5/run-1 vs CentOS6/run-1,105014,T1w/subject_name/mri/T1w_hires.norm_grey_myelin.nii.gz,0.0065352358
CentOS5/run-1 vs CentOS6/run-1,105014,T2w/T2wToT1wDistortionCorrectAndReg/T2w2T1w/T2w_reg.nii.gz,0.0009546322
CentOS5/run-1 vs CentOS6/run-1,105014,T1w/BiasFieldCorrection_sqrtT1wXT1w/T1wmulT2w_brain_norm.nii.gz,0.0006367435
CentOS5/run-1 vs CentOS6/run-1,105014,T1w/subject_name/surf/lh.white.nii.gz,0.0195235976
CentOS5/run-1 vs CentOS6/run-1,105014,T2w/T2wToT1wDistortionCorrectAndReg/T2w2T1w/sqrtT1wbyT2w.nii.gz,0.0008080733
CentOS5/run-1 vs CentOS6/run-1,105014,MNINonLinear/xfms/2mmReg.nii.gz,0.0064737364
CentOS5/run-1 vs CentOS6/run-1,105014,T1w/subject_name/mri/aseg.hires.nii.gz,0.0100747899
CentOS5/run-1 vs CentOS6/run-1,105014,T2w/T2wToT1wDistortionCorrectAndReg/T2w2T1w/T2w_dc_reg.nii.gz,0.0019373399
CentOS5/run-1 vs CentOS6/run-1,105014,T1w/subject_name/mri/ribbon.postT2.pass1/T1w_hires.greynorm_ribbon.nii.gz,0.0008804606
CentOS5/run-1 vs CentOS6/run-1,105014,MNINonLinear/T2w_restore.nii.gz,0.0094688244
CentOS5/run-1 vs CentOS6/run-1,105216,T1w/subject_name/mri/ribbon.postT2.pass1/rh.ribbon.nii.gz,0.0645135644
CentOS5/run-1 vs CentOS6/run-1,105216,MNINonLinear/T1w.nii.gz,0.0025425214
CentOS5/run-1 vs CentOS6/run-1,105216,T1w/T2w_acpc_dc_restore.nii.gz,0.00594937
CentOS5/run-1 vs CentOS6/run-1,105216,T1w/T1w_acpc_dc_restore.nii.gz,0.0007534866
CentOS5/run-1 vs CentOS6/run-1,105216,T1w/T1w_acpc_dc_restore_1mm.nii.gz,0.0009135141
CentOS5/run-1 vs CentOS6/run-1,105216,MNINonLinear/xfms/T1w_acpc_dc_restore_brain_to_MNILinear.nii.gz,0.0008895858
CentOS5/run-1 vs CentOS6/run-1,105216,T1w/subject_name/mri/T1w_hires.greynorm.nii.gz,0.0011131478
CentOS5/run-1 vs CentOS6/run-1,105216,T1w/subject_name/mri/ribbon.postT2.pass1/dilribbon_inv.nii.gz,0.0478121323
CentOS5/run-1 vs CentOS6/run-1,105216,T1w/T2w_acpc_dc.nii.gz,0.0045808083
CentOS5/run-1 vs CentOS6/run-1,105216,T1w/BiasFieldCorrection_sqrtT1wXT1w/T1wmulT2w_brain_norm_modulate.nii.gz,0.0034274334
CentOS5/run-1 vs CentOS6/run-1,105216,T1w/BiasFieldCorrection_sqrtT1wXT1w/T1wmulT2w_brain_norm_s5.nii.gz,0.0024827638
CentOS5/run-1 vs CentOS6/run-1,105216,T1w/BiasFieldCorrection_sqrtT1wXT1w/bias_raw.nii.gz,0.0068728598
CentOS5/run-1 vs CentOS6/run-1,105216,T1w/BiasField_acpc_dc.nii.gz,0.0064658621
CentOS5/run-1 vs CentOS6/run-1,105216,T1w/subject_name/mri/wm.hires.nii.gz,0.0754928249
CentOS5/run-1 vs CentOS6/run-1,105216,T1w/subject_name/mri/white.nii.gz,0.0405709255
CentOS5/run-1 vs CentOS6/run-1,105216,T1w/subject_name/mri/ribbon.postT2.pass1/ribbon.nii.gz,0.0812957563
CentOS5/run-1 vs CentOS6/run-1,105216,MNINonLinear/xfms/NonlinearIntensities.nii.gz,0.0163177011
CentOS5/run-1 vs CentOS6/run-1,105216,T1w/T1w_acpc_dc_restore_brain.nii.gz,0.000350374
CentOS5/run-1 vs CentOS6/run-1,105216,T1w/subject_name/mri/T1w_hires.nii.gz,0.0008122544
CentOS5/run-1 vs CentOS6/run-1,105216,T1w/T1w_acpc_dc_restore_brain_1mm.nii.gz,0.000350617
CentOS5/run-1 vs CentOS6/run-1,105216,T1w/subject_name/mri/ribbon.postT2.pass1/T1w_hires.norm_ribbon.nii.gz,0.0373320235
CentOS5/run-1 vs CentOS6/run-1,105216,T1w/subject_name/mri/ribbon.postT2.pass1/ribbon_inv.nii.gz,0.0812957563
CentOS5/run-1 vs CentOS6/run-1,105216,T1w/subject_name/surf/rh.white.nii.gz,0.0189516791
CentOS5/run-1 vs CentOS6/run-1,105216,T1w/subject_name/mri/ribbon.postT2.pass1/T1w_hires.norm_ribbon_myelin.nii.gz,0.0092978311
CentOS5/run-1 vs CentOS6/run-1,105216,T1w/subject_name/mri/T1w_hires.norm.nii.gz,0.0008131078
CentOS5/run-1 vs CentOS6/run-1,105216,T1w/subject_name/mri/ribbon.postT2.pass1/lh.ribbon.nii.gz,0.0498196748
CentOS5/run-1 vs CentOS6/run-1,105216,T1w/T2w_acpc_dc_restore_brain.nii.gz,0.0046892706
CentOS5/run-1 vs CentOS6/run-1,105216,T1w/BiasFieldCorrection_sqrtT1wXT1w/T1wmulT2w.nii.gz,0.0039849112
CentOS5/run-1 vs CentOS6/run-1,105216,T1w/BiasFieldCorrection_sqrtT1wXT1w/T1wmulT2w_brain_norm_modulate_mask.nii.gz,0.0617656862
CentOS5/run-1 vs CentOS6/run-1,105216,MNINonLinear/xfms/IntensityModulatedT1.nii.gz,0.0054271697
CentOS5/run-1 vs CentOS6/run-1,105216,MNINonLinear/xfms/NonlinearReg.nii.gz,0.0024502837
CentOS5/run-1 vs CentOS6/run-1,105216,T1w/xfms/T2w_reg_dc.nii.gz,0.0119749864
CentOS5/run-1 vs CentOS6/run-1,105216,MNINonLinear/T2w.nii.gz,0.0055784055
CentOS5/run-1 vs CentOS6/run-1,105216,MNINonLinear/T1w_restore.nii.gz,0.0026088264
CentOS5/run-1 vs CentOS6/run-1,105216,T1w/subject_name/mri/T2w_hires.norm.nii.gz,0.0029821369
CentOS5/run-1 vs CentOS6/run-1,105216,T1w/subject_name/mri/T2w_hires.nii.gz,0.0029824217
CentOS5/run-1 vs CentOS6/run-1,105216,MNINonLinear/xfms/acpc_dc2standard.nii.gz,0.0025398217
CentOS5/run-1 vs CentOS6/run-1,105216,MNINonLinear/T2w_restore_brain.nii.gz,0.007519714
CentOS5/run-1 vs CentOS6/run-1,105216,T1w/BiasFieldCorrection_sqrtT1wXT1w/T1wmulT2w_brain.nii.gz,0.0032582026
CentOS5/run-1 vs CentOS6/run-1,105216,T2w/T2wToT1wDistortionCorrectAndReg/T2w2T1w/T2w_reg_fast_wmedge.nii.gz,0.0014142135
CentOS5/run-1 vs CentOS6/run-1,105216,T1w/subject_name/mri/ribbon.postT2.pass1/ribbon_s5.nii.gz,0.010608661
CentOS5/run-1 vs CentOS6/run-1,105216,MNINonLinear/xfms/NonlinearRegJacobians.nii.gz,0.0023371254
CentOS5/run-1 vs CentOS6/run-1,105216,MNINonLinear/xfms/standard2acpc_dc.nii.gz,0.0022901607
CentOS5/run-1 vs CentOS6/run-1,105216,T1w/subject_name/mri/T1wMulT2w_hires.nii.gz,0.0025572385
CentOS5/run-1 vs CentOS6/run-1,105216,MNINonLinear/T1w_restore_brain.nii.gz,0.0045047704
CentOS5/run-1 vs CentOS6/run-1,105216,T1w/subject_name/mri/T1w_hires.norm_grey_myelin.nii.gz,0.0093180134
CentOS5/run-1 vs CentOS6/run-1,105216,T2w/T2wToT1wDistortionCorrectAndReg/T2w2T1w/T2w_reg.nii.gz,0.0045808083
CentOS5/run-1 vs CentOS6/run-1,105216,T1w/BiasFieldCorrection_sqrtT1wXT1w/T1wmulT2w_brain_norm.nii.gz,0.0032636186
CentOS5/run-1 vs CentOS6/run-1,105216,T1w/subject_name/surf/lh.white.nii.gz,0.0206077111
CentOS5/run-1 vs CentOS6/run-1,105216,T2w/T2wToT1wDistortionCorrectAndReg/T2w2T1w/sqrtT1wbyT2w.nii.gz,0.0040052763
CentOS5/run-1 vs CentOS6/run-1,105216,MNINonLinear/xfms/2mmReg.nii.gz,0.0030051346
CentOS5/run-1 vs CentOS6/run-1,105216,T1w/subject_name/mri/aseg.hires.nii.gz,0.0100962998
CentOS5/run-1 vs CentOS6/run-1,105216,T2w/T2wToT1wDistortionCorrectAndReg/T2w2T1w/T2w_dc_reg.nii.gz,0.0119749864
CentOS5/run-1 vs CentOS6/run-1,105216,T1w/subject_name/mri/ribbon.postT2.pass1/T1w_hires.greynorm_ribbon.nii.gz,0.0011859088
CentOS5/run-1 vs CentOS6/run-1,105216,MNINonLinear/T2w_restore.nii.gz,0.0070542983
